Index,Customer Id,First Name,Last Name,Company,City,Country,Phone 1,Phone 2,Email,Subscription Date,Website,,,,,,
1,dE014d010c7ab0c,Andrew,Goodman,Stewart-Flynn,Rowlandberg,Macao,846-790-4623x4715,(422)787-2331x71127,marieyates@gomez-spencer.info,2021-07-26,http://www.shea.biz/,,,,,,
2,2B54172c8b65eC3,Alvin,Lane,"Terry, Proctor and Lawrence",Bethside,Papua New Guinea,124-597-8652x05682,321.441.0588x6218,alexandra86@mccoy.com,2021-06-24,http://www.pena-cole.com/,,,,,,
3,d794Dd48988d2ac,Jenna,Harding,Bailey Group,Moniquemouth,China,(335)987-3085x3780,001-680-204-8312,justincurtis@pierce.org,2020-04-05,http://www.booth-reese.biz/,,,,,,
4,3b3Aa4aCc68f3Be,Fernando,Ford,Moss-Maxwell,Leeborough,Macao,(047)752-3122,048.779.5035x9122,adeleon@hubbard.org,2020-11-29,http://www.hebert.com/,,,,,,
5,D60df62ad2ae41E,Kara,Woods,Mccarthy-Kelley,Port Jacksonland,Nepal,+1-360-693-4419x19272,163-627-2565,jesus90@roberson.info,2022-04-22,http://merritt.com/,,,,,,
6,8aaa5d0CE9ee311,Marissa,Gamble,Cherry and Sons,Webertown,Sudan,001-645-334-5514x0786,(751)980-3163,katieallison@leonard.com,2021-11-17,http://www.kaufman.org/,,,,,,
7,73B22Ac8A43DD1A,Julie,Cooley,"Yu, Norman and Sharp",West Sandra,Japan,+1-675-243-7422x9177,(703)337-5903,priscilla88@stephens.info,2022-03-26,http://www.sexton-chang.com/,,,,,,
8,DC94CCd993D311b,Lauren,Villa,"French, Travis and Hensley",New Yolanda,Fiji,081.226.1797x647,186.540.9690x605,colehumphrey@austin-caldwell.com,2020-08-14,https://www.kerr.com/,,,,,,
9,9Ba746Cb790FED9,Emily,Bryant,"Moon, Strickland and Combs",East Normanchester,Seychelles,430-401-5228x35091,115-835-3840,buckyvonne@church-lutz.com,2020-12-30,http://grimes.com/,,,,,,
10,aAa1EDfaA70DA0c,Marie,Estrada,May Inc,Welchton,United Arab Emirates,001-648-790-9244,973-767-3611,christie44@mckenzie.biz,2020-09-03,https://www.salinas.net/,,,,,,
11,bf104C25d0BA4E1,Nichole,Cannon,Rios and Sons,West Devon,Burundi,647787401,139.476.1068,blandry@henson-harris.biz,2021-04-26,http://www.humphrey.org/,,,,,,
12,bf2fA37cbAd7dDc,Bernard,Ritter,Bradford and Sons,West Francisco,Palau,292.313.1902,(065)075-0554,tammiepope@arroyo-baldwin.com,2022-01-19,http://sellers.biz/,,,,,,
13,4fa8ffcdBbf53bB,Darryl,Archer,Kerr-Cherry,Holtfurt,Uganda,(389)437-1716,092.364.7349x593,woodalejandro@skinner-sloan.biz,2022-04-18,https://www.daniels.com/,,,,,,
14,aBd960429ecd363,Ryan,Li,"Hooper, Cross and Holt",Batesville,Liechtenstein,001-119-787-0125x4500,001-477-254-3645,lmassey@duke.com,2021-03-06,http://nunez.com/,,,,,,
15,2a0c691Ce19C6f3,Vicki,Nunez,"Leonard, Galvan and Blackburn",Barbaraborough,Haiti,(217)474-0312,(098)195-0840x79579,zgrant@sweeney.com,2022-01-30,https://reynolds.com/,,,,,,
16,B58fecf82f997Dd,Sean,Townsend,Preston-Sosa,Velasquezberg,Iran,001-534-283-5153,5786415664,lkline@maxwell.info,2020-05-30,http://www.vargas.biz/,,,,,,
17,41d0201DcF028b5,Sophia,Mathis,Richard-Velasquez,Toddhaven,Switzerland,001-858-762-7896x916,274-147-4185x15182,brockmason@faulkner-may.com,2020-01-23,http://www.vaughn.com/,,,,,,
18,B1A1b09CD5C3b6a,Helen,Potts,"Rangel, Livingston and Patel",Douglasland,Seychelles,(140)862-2659,-8339,carrollmia@donovan-keith.com,2021-07-27,http://www.kennedy-edwards.biz/,,,,,,
19,ba5a73D210dCcE4,Joann,Finley,Harvey PLC,Barrettshire,Montserrat,(941)715-8720x950,155.433.4824x955,gabriela86@sampson.com,2022-04-11,http://www.harrell.com/,,,,,,
20,F6cD561cecdfA6d,Thomas,Walsh,Best-Thomas,Roblesport,Kiribati,679.326.0724,001-305-038-6009,timcoleman@frank-king.org,2020-09-11,http://www.kane.com/,,,,,,
21,dEb9310eec04a8D,Cristina,Lam,Watts-Allison,West Jocelynfort,Korea,4292705811,(086)253-7505x70576,charlotte16@hood-zhang.org,2020-01-04,http://whitehead.net/,,,,,,
22,ed3894D6DE7F711,Vicki,Heath,"Cherry, Schultz and Ruiz",Port Cameronbury,Bangladesh,(889)311-5580x6390,(260)437-9972,alan46@benjamin.com,2020-11-06,https://www.bird.com/,,,,,,
23,EFeFaC727F12CDF,Glenn,Wang,Warner-Hodge,West Rachael,Gabon,834.104.6424x8311,001-741-628-9295,anna80@mata.com,2022-01-01,http://brooks-kerr.com/,,,,,,
24,c5CB6C5bFB91fdC,Darius,Benitez,Giles LLC,Mejiashire,Jersey,+1-797-864-3151x25142,139-216-5379x6030,garrettdurham@olsen.com,2022-02-28,https://washington.com/,,,,,,
25,C30B3E82E8D89cC,Xavier,Cruz,Wiley Ltd,Mindyborough,Latvia,019-418-8625x65148,343.078.5725x91296,andersongrant@pugh.com,2020-02-07,https://www.cohen.info/,,,,,,
26,3d7bE19696ea8Ff,Douglas,Galloway,Duffy Inc,Eileenbury,Mongolia,+1-205-528-2409x137,8018224814,caleb11@velazquez.com,2021-10-24,http://www.mcneil.net/,,,,,,
27,A093aA90fa014FE,Phyllis,Becker,Oneal and Sons,East Andre,Bouvet Island (Bouvetoya),-5794,(756)521-2942,darrylshort@bright-tucker.com,2020-07-02,https://www.farrell.com/,,,,,,
28,a470984c5dBfcC4,Ebony,Murphy,Barry-Martinez,Atkinsfurt,Vanuatu,772-492-3142,(877)635-9717,vpowers@moyer.com,2020-02-17,http://www.dorsey.com/,,,,,,
29,b1d4abfbCb67feE,Tyler,Stevenson,Burns and Sons,North Joannashire,Sri Lanka,001-239-175-8518x52340,596.077.7972x616,mmayo@gilbert.com,2022-03-02,http://www.fry.org/,,,,,,
30,d667bCC84Ff45Bb,Cesar,Bernard,Potter-Ho,Mccormickville,Iraq,165-366-3660x432,+1-579-640-2940x529,damon31@grant-morrison.com,2021-09-04,https://bryan-walters.com/,,,,,,
31,Ccb07E00AFf32bA,Darrell,Santos,Boone-Dawson,Lake Dwayne,Liechtenstein,001-604-858-6371,+1-961-236-3156x46913,hdaniels@mason.com,2021-11-04,http://hammond.com/,,,,,,
32,bd04F2A7BD4F730,Amanda,Santiago,Roberts-Heath,Benjaminchester,United Arab Emirates,218-803-3440x413,1810375857,emmarasmussen@roman-walter.biz,2021-05-06,http://gillespie.com/,,,,,,
33,f1157011c5eDbEB,Marcus,Mcdonald,Hays-Howell,East Brad,Azerbaijan,828.230.1201x748,+1-044-143-4194x927,cesar71@vang-wagner.com,2020-06-25,https://www.williams-mclaughlin.org/,,,,,,
34,7c4c673af703a09,Lauren,Montes,Cohen-Copeland,Tonyville,Armenia,001-999-585-7539x536,838-203-4008x6959,hodgebrenda@roach-winters.com,2021-05-06,https://www.garcia.com/,,,,,,
35,E7D7e40Cf3A03a2,Brent,Hinton,"Petersen, Blackburn and Meyers",Tommyland,Mexico,210.072.7539x0111,-6770,greg77@patel.biz,2021-12-03,http://aguirre.biz/,,,,,,
36,B98BacEebC40DBb,Jill,Mayo,"Woodard, Haas and Mason",Port Carlside,Cuba,+1-160-747-3624x8230,720-580-6452,brandypowers@christensen.com,2020-10-04,http://briggs-johnston.com/,,,,,,
37,d1c0dFab10a8383,Herbert,Byrd,Sheppard-Dougherty,Kimmouth,South Georgia and the South Sandwich Islands,(969)981-1275x78285,802.783.5805,gilloscar@webb.com,2020-02-09,https://www.rowland-lyons.com/,,,,,,
38,f21D2faCa0760A8,Don,Krueger,"Cortez, Hester and Villegas",Melendezland,Guinea,377-366-1889x912,001-379-218-7545x445,trevor14@harvey.com,2020-03-02,http://www.combs.com/,,,,,,
39,11F97CBDd2C8de9,Cheryl,Gonzales,Walton-Drake,Pittmanmouth,Kenya,9016149714,494.355.0333,yvette30@haas-oneill.org,2020-02-26,http://www.tran-juarez.net/,,,,,,
40,BEBA4fDAA6C4adC,Rickey,Mays,"Escobar, Carrillo and Sloan",Hollandshire,United States of America,042-976-4714x26341,245.657.5660,cmcdowell@riley-wolf.org,2020-01-01,http://www.nolan.com/,,,,,,
41,0F2E0b5850404A8,Cassidy,Dillon,Coleman LLC,New Ebony,Liechtenstein,001-433-237-3081x336,956-581-1775x97257,patrick43@stout.com,2021-12-19,https://www.meyer.com/,,,,,,
42,6fF3de1DDbeAaE9,Christina,Bautista,Lane Ltd,Lake Don,Turks and Caicos Islands,(964)671-6776,724-324-0841x953,phenry@tate.biz,2020-11-01,https://warner.com/,,,,,,
43,bcE2C6eaAa1d53c,Alexandra,Castro,"Wall, Clay and Mcintosh",South Lynnton,Swaziland,+1-469-312-3108x01224,(295)194-3972x6683,swalters@harvey.biz,2021-04-11,http://www.vasquez-boyer.biz/,,,,,,
44,fb0eaBDA955AE79,Krystal,Mendoza,"Logan, Boyle and Villegas",West Henry,Panama,001-116-661-7356,001-155-646-7234x7293,mjackson@david.com,2020-09-09,http://www.marks-ray.info/,,,,,,
45,1cE4BEcB6F2D2C3,Ivan,Schroeder,"Peck, Nicholson and Knox",Port Grace,Saint Pierre and Miquelon,524-391-9866,(626)644-4777x075,qgeorge@singh.com,2020-08-16,https://melton-alexander.biz/,,,,,,
46,37a20bF88deF55D,Stephanie,Bradshaw,Tanner LLC,East Paulaville,American Samoa,+1-934-296-1820x843,(364)992-5769x31100,debbie56@baker-olsen.com,2022-03-05,http://jimenez.biz/,,,,,,
47,EE9381bAEbac1eA,Levi,Grimes,"Carpenter, Chang and Bass",Frederickfurt,Heard Island and McDonald Islands,-7799,001-221-413-5502x8170,robertmarks@willis.com,2021-06-12,https://cherry.com/,,,,,,
48,7008F9538b6e3e4,Peter,Sosa,Hensley and Sons,Donaldton,Sao Tome and Principe,983.760.9410x39862,975.082.6989,frederick02@gross.com,2021-07-17,http://www.chandler.info/,,,,,,
49,e6D85CcfDE7ABEd,Valerie,Haney,"Delgado, Rubio and Rose",Harryview,Cuba,001-494-498-9432x8701,(338)636-4041x624,yowens@erickson-charles.com,2020-03-22,https://www.fowler-alvarado.biz/,,,,,,
50,815D27672C2Ba6d,Tom,Gardner,Werner-Bean,New Samuel,Barbados,(318)356-6855x56588,254-202-1771x157,darin81@callahan.com,2022-01-04,http://yang-everett.com/,,,,,,
51,bc9e98FC8e31fB2,Randall,Galloway,Brady Inc,Brightburgh,Isle of Man,(780)249-8976,001-573-469-2316x88660,stuart07@reid.com,2020-12-18,https://hatfield-huff.biz/,,,,,,
52,06c9e9caEBf539F,Perry,Whitaker,Odom LLC,North Jocelynberg,Western Sahara,4490502967,-10421,jennynorton@randall.org,2021-04-27,http://www.hall.com/,,,,,,
53,D02c86e781bA06f,Gloria,Mosley,Calderon Ltd,East Reneefurt,Fiji,296-297-8174x50153,629-157-7866x510,escobardeanna@sawyer-obrien.info,2022-05-06,https://www.huber.info/,,,,,,
54,846D8B34aba64a6,Cameron,Little,Howell Group,North Angel,Netherlands,+1-172-227-4743x55703,914.608.3410,stephen57@sellers.com,2020-11-13,https://collins.org/,,,,,,
55,305B77b17f60849,Glen,Gonzalez,Zamora-Ellis,Lake Isabelberg,Sudan,494-494-0595,788-075-3941,jschmidt@gardner-maldonado.com,2020-07-21,http://holt-mendez.info/,,,,,,
56,610e5F3baCbd25c,Melvin,Day,"Alvarez, Gaines and Sweeney",Jackbury,Reunion,001-139-178-3697x23267,862.271.5668x079,sheila46@ewing.org,2021-12-22,http://becker-warner.net/,,,,,,
57,9F0EbC3b678ad6B,Kent,Salinas,"Shelton, Robinson and Smith",Nicolasfurt,Guatemala,(750)661-7527x2590,429-441-8601x90778,dustindelgado@west-khan.com,2020-02-21,https://www.mora-tapia.info/,,,,,,
58,82dDB5e20CAA2Ce,Stacey,Martinez,"Rasmussen, Bauer and Lyons",Mauriceview,Uzbekistan,001-070-431-1693x963,556.917.6571,mikayla38@lawson-dougherty.com,2020-03-22,https://newman-townsend.com/,,,,,,
59,b78002FEFF5a860,Jennifer,Fleming,Schaefer-Chambers,Shepherdfort,Barbados,(534)969-8263,307-929-8469,stoutalexandria@meza.com,2020-11-24,http://marsh.com/,,,,,,
60,dFe34eAb8614AC0,Teresa,Oconnell,"Mayo, Buchanan and Owen",Lake Douglas,Turkmenistan,104.566.7360x8307,(101)040-3927x72927,hhahn@cantrell.net,2021-12-04,https://www.ellison-strickland.org/,,,,,,
61,aB3351247D3fCD8,Bruce,Bass,"Day, Wiley and Mclaughlin",Juarezbury,China,170-094-5436x7579,+1-006-698-5103x18954,gvang@woods.info,2020-08-10,http://www.goodwin.com/,,,,,,
62,56Df40b19e3c71f,Sarah,Sweeney,Madden-Ho,Mejiamouth,Equatorial Guinea,423.393.5217x1573,592-864-1515,lauren93@daniel-farley.com,2020-07-17,http://www.welch.com/,,,,,,
63,06CF1Fcd5863dF6,Eddie,Salinas,Howard Group,North Frederick,Cook Islands,8092572517,-4927,franklinweiss@porter.net,2020-11-25,https://www.joyce.com/,,,,,,
64,5DcB42c2f8fBfb5,Trevor,Rowland,"Ritter, Fox and English",Deanchester,Nigeria,938.501.2065x13955,6382043216,simpsonraven@liu.com,2022-03-04,http://noble-beard.com/,,,,,,
65,E3F8a6D1033a2FE,Marcus,Chang,"Maynard, Lambert and Blake",North Monica,Western Sahara,479-020-6144x2452,(940)296-5518x52843,deborah61@wagner.com,2021-05-20,http://shaw.com/,,,,,,
66,DA7b906C5aF71d5,Sabrina,Roberts,Stewart-Diaz,Port Pennyton,Bhutan,252-641-5581x7135,001-665-608-1332x173,brittneypotter@boyd-compton.com,2021-01-10,https://walter.com/,,,,,,
67,ccD94BbaEDBBf9E,Norman,French,Becker-Mata,South Emma,Marshall Islands,364-757-7628x522,5684199088,spearsfrank@mclean.com,2021-03-27,https://mccullough.info/,,,,,,
68,41C1B4D2C5b91B7,Lonnie,Novak,Hayden Inc,East Malloryville,French Guiana,810-349-3016,(531)197-7502x296,manuel48@raymond.net,2021-03-22,http://www.knight.com/,,,,,,
69,ee5235bbf2A66ef,Casey,Bauer,Houston-Woodard,New Brettfurt,Reunion,001-649-360-4291x70493,(875)766-9023x93863,marilynbender@daugherty.net,2020-04-04,https://crawford.org/,,,,,,
70,2413aA72C4DEadF,David,Goodman,"Macdonald, Byrd and Williams",Juliantown,Nigeria,(976)996-6527x679,+1-562-845-1571x407,ylutz@sawyer.com,2020-07-15,https://rhodes-ellison.org/,,,,,,
71,BA1F1A8E7fccb74,Garrett,Rosario,Becker-Terrell,Marissaland,Philippines,554-299-5195x7535,(228)770-7282x399,christiegeorge@dominguez.com,2021-05-08,https://www.wright.com/,,,,,,
72,43EB011d4A5af36,Colin,Vaughan,"Mooney, Reed and Ingram",New Shelleyfort,United States Virgin Islands,115-772-1697,921-423-4267,wilsonyvonne@mcmillan.com,2020-10-08,https://choi.com/,,,,,,
73,DDCCa6daDFBAFbc,Maxwell,Griffin,Mcdowell-Adkins,North Kentland,Turkmenistan,542-094-1063x74771,-1161,priscillaharrell@glass.com,2020-10-01,http://ray.com/,,,,,,
74,024a3d8Df5abFE9,Diamond,Barnett,"Walker, Andersen and Reeves",New Patriciamouth,Trinidad and Tobago,713.178.8679x870,(771)321-5148x65206,gibbsemily@fisher.biz,2022-01-04,https://mcdowell-compton.biz/,,,,,,
75,6367E110ccF7c2B,Kellie,Munoz,Flynn-Chapman,New Samantha,Greenland,597.376.0777x7873,(224)541-8166,lynnbooth@leach-lang.com,2021-07-08,http://www.mclaughlin.com/,,,,,,
76,6BdF3DBf9BcD353,Sandy,Finley,Shah-Hanna,Glasshaven,Kiribati,492.301.8374,+1-061-038-8564x38648,hmora@brock.com,2021-01-04,https://www.estrada.biz/,,,,,,
77,3e34e04B7F7b76d,Katelyn,Petersen,Solis-Hardin,South Patricia,Saint Vincent and the Grenadines,888.775.5334x190,(374)551-8182,santosebony@foley.com,2021-07-04,http://carr-holder.com/,,,,,,
78,ec3cD83Be620f62,Neil,Murray,Washington-Ramirez,East Stephanie,Afghanistan,915-049-4725x373,+1-597-545-3394x14627,englishstefanie@braun.com,2022-03-20,http://ritter.com/,,,,,,
79,4DD0C3a8a2f3D8e,Carlos,Wilcox,"Vega, Yoder and Ayala",East Katelynmouth,Slovenia,(439)435-7502x11237,861-632-4703,toddlove@rogers.info,2021-10-11,https://little.info/,,,,,,
80,0EcdF5f157A10BE,Adrienne,Lamb,"Henderson, Vega and Jensen",South Karl,Gambia,012-588-1523x479,496-950-6255x6485,butlerroberta@mullen-pittman.net,2021-05-03,http://www.mann.com/,,,,,,
81,61AD5B1099Db9d0,Traci,Levy,"Simon, Flores and Carr",New Erica,Kiribati,+1-847-237-3203x0302,780-652-7678,camposherbert@lang.com,2022-02-19,http://www.burke-glover.com/,,,,,,
82,fD7FbF8BA88Fff8,Tammy,Harmon,Kidd-Stone,Chaneychester,Yemen,+1-528-220-2228x19583,3949064205,abigail05@mckee.info,2020-09-01,https://www.walsh-archer.com/,,,,,,
83,2bcF27a9daa2EAA,Nicholas,Arias,Yoder-Bowen,Lake Gavinburgh,Holy See (Vatican City State),+1-650-979-8614x97335,-6564,boonealex@cardenas.info,2020-01-31,http://www.wood.com/,,,,,,
84,12Bb4Ba2cB52B89,Sydney,Solis,"Wu, Strong and Flynn",Welchburgh,Suriname,591-223-5142x5192,-5446,ortegashane@li.com,2020-02-22,https://anderson-suarez.org/,,,,,,
85,eb8Abc5DB466797,Jody,Beltran,Buchanan-Barton,Kristihaven,Heard Island and McDonald Islands,+1-836-853-8086x15445,964.156.8431,fritzandres@morales.biz,2020-08-14,https://www.martin.biz/,,,,,,
86,8799Bb0d0eF9F7b,Autumn,Choi,Bates LLC,Port Scott,Uganda,374-961-9091x6048,001-460-538-5514,varmstrong@braun.org,2020-12-07,http://www.fritz-galloway.com/,,,,,,
87,483E29cf4aC5A4D,Chelsey,Boyer,"Goodman, Carrillo and Stein",Selenaville,Morocco,001-290-975-0712x603,+1-697-878-1394x0986,jonathon78@werner.com,2022-04-17,https://www.willis-todd.net/,,,,,,
88,37E3234CC7F8da4,Trevor,Key,"Escobar, Adams and Huber",New Ryan,Palestinian Territory,813.263.6136,189-231-9202,bunderwood@owen.com,2022-01-03,http://webb-barnes.info/,,,,,,
89,2D0F54Cc8D96Ad0,Bridget,Molina,Greene-Mays,East Brookebury,Chad,001-062-757-0468x5881,(654)079-1615x308,jcochran@burgess-costa.com,2021-02-13,https://grimes.net/,,,,,,
90,CeDC6A5ED20dA29,Calvin,Rocha,Werner-Key,Wayneborough,Cameroon,069.698.1319,518.056.2026x3841,riveraisabel@harmon.net,2020-11-28,https://salinas-peck.com/,,,,,,
91,eE5F91Bf27BE6DC,Austin,Matthews,"Sandoval, Parker and Mcdowell",Aimeeville,Macedonia,+1-598-879-1279x72499,+1-853-024-8504x9171,stanleymeagan@gilmore-newton.com,2021-07-30,https://hubbard.com/,,,,,,
92,aFbCcfBCbeff540,Molly,Murphy,Mercado PLC,Ericamouth,British Virgin Islands,(928)843-3496x36630,579.369.8654x99642,kathyhuff@white-liu.com,2021-12-01,http://cooley.com/,,,,,,
93,5fb7F35e6Db8e5a,Jeremy,Haynes,"Cruz, Roach and Lynch",Breannaton,Central African Republic,748.955.1267x247,258-909-0610x19885,lawsonmicheal@atkins.com,2020-12-12,http://www.gibbs.com/,,,,,,
94,60d62d8Dbb23C3B,Don,Henry,"Giles, Kerr and Stafford",Marcusburgh,China,001-004-280-4158x3147,(718)053-0418x55398,diamondhinton@mccormick.biz,2020-10-18,https://arnold.com/,,,,,,
95,e9eFc5d60ddc3ec,Dakota,Bowman,Gomez-Tapia,West Barbarafurt,China,-8399,4793362473,branchmegan@dougherty.com,2022-04-17,https://deleon-avery.com/,,,,,,
96,ad8F5957EdADB7e,Manuel,Maynard,"Ellison, Berger and Osborn",Lake Calvin,Niger,708-648-2498x1037,001-862-267-9112x298,xingram@le.com,2020-02-28,https://richards-jarvis.com/,,,,,,
97,a3FdF7Ae5E60BaD,Howard,Simmons,Winters-Cohen,Mitchellmouth,Romania,001-259-817-5012,(873)535-8704x224,ronnie03@bird-hood.com,2020-08-21,https://cordova.com/,,,,,,
98,eA4F6CB2ADEBF6d,Jeffery,Wall,Santos-Barnett,Jonathonhaven,Cambodia,(318)952-4565x2143,(495)821-7527x0997,wanda50@webster.com,2022-02-18,http://www.dickerson.com/,,,,,,
99,feCfE5fCc4abeEd,Colleen,Estes,"Garrett, Sharp and Kaufman",Lake Alisonside,Greece,(198)286-0649x642,512-677-4453,tricia22@barrera.com,2020-04-06,http://www.richmond.com/,,,,,,
100,774623BCD6f9BB8,Bianca,Henry,Harrell-Johns,Garrettstad,Albania,+1-942-219-2911x3796,(980)679-2739x5052,alan83@olson.com,2020-04-13,http://www.wilcox-burns.biz/,,,,,,
101,Db752CCa4aCfd9E,Michelle,Good,"Randall, Harding and Powers",New Johnnychester,Korea,215-567-4480,(217)672-5187,yeseniacallahan@hinton.com,2020-12-21,http://chavez-clay.com/,,,,,,
102,7a0CFf01cCBcA01,Eileen,Skinner,Yang Ltd,New Kristophershire,Mexico,(310)574-8489,(902)779-2159,julian74@ritter-mccoy.info,2021-03-27,https://mays.com/,,,,,,
103,Be9d5701bDCd1aa,Kyle,Richmond,Hart Group,New Arielfurt,Dominican Republic,001-053-565-5203,096-472-7960,adriennecarson@gallagher-mckinney.org,2020-09-23,http://mcclure.com/,,,,,,
104,Fd67d4aDf749FE5,Omar,Davies,"Rich, Oneill and Daniels",Dicksonburgh,Guinea,+1-317-955-2741x5895,-7875,hreid@jordan-pena.com,2021-09-02,http://www.best.biz/,,,,,,
105,8b7C8Ffe256FBFb,Chelsea,Giles,Curtis Inc,Evanfort,Kuwait,966.233.2095,548899247,sharon31@stanley.info,2021-11-26,https://griffin-willis.com/,,,,,,
106,983Dad40cbcBf18,Pam,Crane,Patton-English,East Taylorborough,Cameroon,679.659.0893,(695)869-8220x5302,luisreynolds@caldwell.com,2020-10-27,http://rich.info/,,,,,,
107,3eD61CdD0B672Fc,Sandy,Kaufman,Gillespie-Kemp,East Taylorville,Antigua and Barbuda,(159)790-8136x82786,(652)438-6147x14235,carlaburton@tran-wu.info,2020-06-11,http://www.schaefer.org/,,,,,,
108,Bd6deeDc10eD051,Madison,Clark,"Atkinson, Benitez and Tapia",Cristianmouth,Nigeria,999.090.5244,-10020,ikeith@richards.com,2022-05-19,http://www.mack.info/,,,,,,
109,7A0AeedaE28Ce67,Leah,Coffey,Rasmussen-Frederick,Lake Darrell,Slovenia,(589)134-7453,169.970.3181x61782,felicia85@joseph.com,2020-01-20,http://terrell.net/,,,,,,
110,822aaF7B5f2CDce,Julie,Montgomery,"Brady, Le and Sherman",New Mathew,Northern Mariana Islands,471.196.3570x531,080-183-0876,jose39@huber.com,2021-12-13,http://whitehead.biz/,,,,,,
111,a6d9bE38B614721,Darrell,Small,Nicholson LLC,Lake Warrenmouth,Reunion,(962)163-3676,(852)503-0393,boyerjoy@gross-meadows.info,2022-03-19,http://www.sherman.com/,,,,,,
112,F03BC8cDe64cFCa,Andrew,Bolton,Sutton-David,East Nathanmouth,United Arab Emirates,+1-964-968-7131x9267,791.705.8869x8446,meghanharmon@travis.biz,2020-04-27,http://olson-collier.com/,,,,,,
113,1f239d0e0b92118,Jaime,Hayden,Higgins Ltd,Mullenmouth,Iran,954-342-0875x322,001-313-201-8886x4673,mrowe@forbes-holmes.org,2021-12-10,http://randolph-stewart.info/,,,,,,
114,39a6DeEEbbeF8E6,Logan,Carney,Jensen-Crawford,Omarport,Gibraltar,5052283490,(403)691-1260x8600,rebecca89@marquez.net,2020-10-31,http://www.giles.com/,,,,,,
115,d3905aAEeB7eF7b,Pedro,Franco,"Acevedo, Blanchard and Deleon",West Sharonville,Oman,(042)683-5953x29908,898-071-0320,hunterjenkins@cervantes.com,2021-07-14,https://bernard.com/,,,,,,
116,FD21f4cce8C062f,Daryl,Meza,Roberts-Curry,West Jennifer,Hungary,503.279.5076,001-221-490-9839,conneraaron@bryant.net,2021-01-12,https://www.price-lyons.info/,,,,,,
117,BBA47d60EAb3EAB,Haley,Levine,Bowers-Nichols,Jacobfort,Tuvalu,(617)212-2099x60992,182-704-5159,hamiltongreg@perkins.com,2020-04-19,https://www.salinas-roth.biz/,,,,,,
118,C90EdA7b802D82b,Caitlyn,Vazquez,"Burnett, Carter and Shah",New Bruce,Maldives,001-381-080-7260x28757,(455)654-9609x106,ebush@jimenez.com,2020-08-06,https://www.blair.com/,,,,,,
119,f02B9FbEb8Bebda,Keith,Combs,"Bryant, Blankenship and Orozco",North Pattystad,Vietnam,49143402,(687)196-0917x107,tommy24@wong-ray.com,2020-10-21,http://hernandez.com/,,,,,,
120,99b8c488a575a4D,Hayden,Cline,"Garrison, Kelley and Choi",Julianberg,Ireland,(400)401-0972,001-837-267-0516x494,kristinebaldwin@holloway-sharp.com,2020-06-15,http://www.maynard.biz/,,,,,,
121,C3AFdd623C0FbDA,Jeanette,Sanford,"Sutton, Doyle and Velez",Wadeborough,Dominica,858-428-6796,522-300-7519,daviesmatthew@turner.com,2021-07-21,http://www.santiago.com/,,,,,,
122,5cA80623F6C75de,Brandon,Richmond,Gould Ltd,Beardfort,Pakistan,001-804-161-7001x727,-4932,fmcgee@foster.com,2020-01-05,http://barron-terry.com/,,,,,,
123,C0E2ab2e71A490E,Latasha,Miller,Romero Group,East Glenfort,Aruba,7853943598,001-074-860-0123x871,wcarter@ali.info,2020-01-05,http://www.atkinson.net/,,,,,,
124,AAEfB9E5c86ab72,Shaun,Luna,"Sparks, Garcia and Maxwell",West Emma,Uganda,(092)989-4066,+1-641-277-2380x929,mshaw@cantu-le.net,2021-12-18,http://www.pennington.com/,,,,,,
125,A4F4f2DBB7C8aBf,Allen,Mayer,Giles-Mooney,West Terrenceburgh,Comoros,-8106,+1-125-476-4258x7916,danielsalinas@deleon.com,2021-05-28,https://garner.com/,,,,,,
126,5Cc3bd1D1d6BFd8,Yvonne,Jordan,"Oneal, Barker and Kaufman",South Caseyside,Timor-Leste,-4651,001-735-509-2475x253,mercedes83@gill.org,2020-10-23,https://www.cohen-king.org/,,,,,,
127,F156f75eFb91b3a,Joanne,Miranda,Perkins LLC,Aguilarchester,Niue,+1-497-913-5358x2593,265-023-7003x8576,fernandoshaw@goodwin.org,2020-09-05,http://www.wolf.com/,,,,,,
128,0Cfd5DbB2cBDfc3,Jaclyn,Rice,Madden-Lewis,New Saraberg,Spain,598-049-3970x0517,897-210-1544,tamara04@tate.biz,2021-09-02,https://diaz.com/,,,,,,
129,303B081aaFc8237,Glen,Conway,"Bullock, West and Becker",Corystad,Nigeria,7639303423,645-115-5094x48852,don46@freeman.net,2021-11-24,https://www.nichols.info/,,,,,,
130,0c7B750FeEabe41,Stacey,Travis,Medina-Castro,Dudleyfurt,Ethiopia,835-675-9702x438,-10036,ygarcia@andrade.com,2021-01-16,http://schaefer.com/,,,,,,
131,944aAa8b8F1A180,Courtney,Hughes,Benitez LLC,Knoxfurt,Marshall Islands,+1-007-062-3951x97089,001-521-412-6549,gary98@carpenter-nelson.com,2020-11-24,https://www.knight.net/,,,,,,
132,ffc96A6EDB33EFf,Raven,Nelson,"Suarez, Hull and Key",East Kristenfort,Luxembourg,205080357,680611865,fashley@burns-mckenzie.com,2020-10-23,https://www.rodgers.net/,,,,,,
133,82b94ddcC7B4FC8,Kyle,Odonnell,Andrews-Harmon,Wallacemouth,Gabon,(869)952-6857x0872,(184)344-7248x19327,ywise@winters.net,2020-02-18,http://www.cook.biz/,,,,,,
134,A3568fE8Cb3b386,Sherry,Ponce,Petty Ltd,Holdenfurt,Isle of Man,8636203771,042.351.3763x69166,vjacobson@perkins-dunlap.net,2022-01-12,https://dillon.info/,,,,,,
135,cef51DAE28Fe1D6,Kirk,Villa,"Norris, Bailey and Campbell",Ericaside,Myanmar,-5155,829.885.1294x1602,parkroy@baxter.com,2020-04-27,https://www.barrett.com/,,,,,,
136,D2E7cfCDF4D2fB7,Luke,Lucas,Snow-Avila,Pagebury,Belgium,073.353.6987,037.740.9639x58910,masonshelley@freeman.org,2021-09-26,http://hanna.com/,,,,,,
137,Cbcd22e7bCd74e3,Lynn,Tran,Ware LLC,Latoyaside,Tunisia,(303)230-0292x145,811.101.1546x4553,marisa90@huynh.com,2021-01-05,http://whitaker.biz/,,,,,,
138,89c66c41c0D791d,Brian,Beasley,Chaney-Porter,North Daryl,Burkina Faso,701-648-3266x75530,(085)671-9636,stephensmike@bartlett-wade.com,2021-10-15,https://esparza.com/,,,,,,
139,E31833D3D9DbCDD,Christopher,Savage,Armstrong-Contreras,Port Isabellachester,Iran,+1-312-445-7245x1043,001-461-762-8727x782,debbieramos@davies-washington.biz,2021-08-03,http://www.vega.com/,,,,,,
140,4032A3C28aaC8c5,Dominique,Mckinney,"Sharp, Fleming and Gregory",Port Erin,Kazakhstan,(641)697-2728x62920,001-151-172-1644x17265,felicia57@fletcher.com,2020-02-28,http://bradford.com/,,,,,,
141,90Ed6bc0d1e173C,Dwayne,Crane,Mcdaniel and Sons,North Jessicaview,Montenegro,-1436,374-169-0130,logan04@hines.biz,2022-02-12,http://www.harmon.biz/,,,,,,
142,1FbEcaef8fACcCA,Autumn,Cuevas,Hahn Ltd,Mccoyfort,Burundi,+1-472-150-7033x46672,+1-626-898-1897x07198,jeffreyharding@johnson.com,2020-02-05,http://mcdowell-henry.com/,,,,,,
143,8Cd9bf1B1AD1Edf,Gregory,Collins,Fleming Inc,Port Grantton,Micronesia,001-972-367-2764x18756,177-506-4872x0706,tina43@hayes-johnson.com,2020-10-02,http://summers-chang.com/,,,,,,
144,fDFD6419383D4c8,Isaac,Schmidt,Clements-Ayala,West Jasminfort,Ukraine,1784697219,022.714.1381,paulakane@singh.com,2021-12-07,https://ochoa-chapman.org/,,,,,,
145,540b59Cc2a2aFd4,Bradley,Rangel,Castillo and Sons,Lake Bianca,Montserrat,+1-835-456-3881x7677,709.104.3560x3025,underwoodangel@gallagher.info,2020-12-05,https://www.summers.org/,,,,,,
146,2AFBB914C4fACa9,Paige,Page,"Mullins, James and Herman",Kaufmanfurt,French Guiana,(724)536-3717,+1-745-549-7420x8738,aodonnell@prince.com,2022-04-02,https://suarez-sims.org/,,,,,,
147,85Cdd16ADD6dCa5,Gwendolyn,Bradshaw,"Gay, Bush and Goodman",East Jonathan,Mali,358.010.6852,(984)148-8789x56784,eugene43@mccall.com,2021-05-01,http://ramirez.com/,,,,,,
148,EF5858dEe5f7649,Belinda,Ferguson,"Lewis, Bowman and Craig",Moralesport,Lao People's Democratic Republic,307.998.0543,007.052.7419,billspears@harmon.org,2020-01-02,https://huff.com/,,,,,,
149,C1574306202Eb8e,Ivan,Hines,Aguilar Ltd,Lake Samantha,Qatar,+1-576-099-0011x49994,918-678-8947x2402,tflowers@salinas.org,2021-11-25,https://frazier.com/,,,,,,
150,4f108ceFb9b386d,Brett,Lin,"Mccoy, Larsen and Stevens",Nortonmouth,Saint Helena,(281)503-5416x65312,001-778-496-2818,stokespamela@koch.com,2021-02-02,http://serrano.com/,,,,,,
151,12B5834e77F67a6,Katherine,Williams,Kelly PLC,Juarezville,Armenia,219-925-5503,+1-754-452-0484x99456,jorozco@hinton-klein.org,2020-12-07,https://www.key-zamora.com/,,,,,,
152,9b50c8d8AA8Aeb1,Andre,Burgess,Zhang-Stevenson,Mooremouth,Moldova,568-903-9918x1217,7252325862,mayerlynn@haas-santos.org,2020-05-12,https://huynh.com/,,,,,,
153,BB6B8ebDD22eBEE,Laura,Decker,"Levy, Moyer and Fernandez",West Pamela,South Georgia and the South Sandwich Islands,(075)972-9288x584,(691)029-8963x661,vstuart@fowler-novak.com,2020-08-03,http://www.peterson-hughes.net/,,,,,,
154,1D7A12b13AAd4FB,Tommy,Herman,Espinoza-Tyler,North Robert,United States Minor Outlying Islands,+1-286-978-0607x36120,+1-792-359-6023x193,spencejennifer@bowman-pena.com,2020-12-27,http://harvey.com/,,,,,,
155,234891e3dAC0dF9,Amber,Lyons,Ward-Mcintosh,South Kaitlyn,Zambia,+1-766-519-2349x13712,+1-257-166-4605x483,betty81@shields.org,2020-07-24,https://ali.net/,,,,,,
156,747B4F80e0048C2,Shelia,Yang,"Coffey, Watson and Wilkins",Lake Edwintown,American Samoa,(869)648-1559,963-171-7611x3130,cynthia09@vang.com,2021-12-10,http://arellano.com/,,,,,,
157,de81E89d4a938f0,Russell,Martin,Duffy-Zuniga,East Megan,Angola,001-170-348-6034x1281,(156)879-4115x02431,cody74@cochran-keith.com,2020-05-24,http://hurst.net/,,,,,,
158,E99c32a01Fd3Fd1,Yvette,Willis,"Hamilton, Solis and Salazar",South Tamarafort,Kuwait,2167878307,(462)524-6561x80213,neil44@barron.com,2020-11-13,https://navarro.com/,,,,,,
159,57234838A0aD5F4,Don,Ho,Stark-Glover,Riosport,Uganda,426-986-3364,588.449.6684x0997,rwallace@shepherd-mcdowell.com,2022-02-12,https://www.ellison.com/,,,,,,
160,C45b1BE6266c8DA,Ellen,Torres,Cook PLC,New Chelsey,Kuwait,001-588-362-9168x37122,001-067-419-1179x906,carla57@roberts.com,2021-08-31,http://padilla.net/,,,,,,
161,2d1cdFa63e6F54c,Hayley,Morse,"Henry, Mcdonald and Austin",Lorrainefort,Iraq,(730)188-5971x5577,318-284-4049x757,fchung@montes.com,2020-04-18,http://walton.com/,,,,,,
162,333f3F9A9222E1a,Ellen,Kerr,Duncan LLC,Port Jocelyn,Micronesia,-8149,4689515577,vnoble@mooney.org,2020-01-27,https://www.vega.com/,,,,,,
163,846dBfEBB68Bb3E,Martha,Cruz,Copeland-Freeman,New Kaylashire,Bolivia,+1-747-915-7766x306,7489593796,collinsalejandro@arroyo.com,2020-02-12,http://rangel-blake.org/,,,,,,
164,25A8883aDb70dEf,Douglas,Carson,Ferguson Ltd,Branchview,Israel,649610158,123-494-6576,ethanle@gibson.com,2022-04-26,http://wong-strickland.com/,,,,,,
165,d8Cd94028074AFD,Toni,Cline,Robles-Davies,Ortegaside,Ecuador,379.527.7815x890,453.913.2252,kyleramos@lee.com,2020-03-18,https://www.glover.com/,,,,,,
166,90fc05Eefaa4AE0,Robyn,Berger,Suarez Group,South Karen,Lesotho,835.175.6247x754,767-095-3136x4246,amatthews@owens.com,2020-04-28,http://www.brewer.com/,,,,,,
167,Fc8bdf1329ce090,Calvin,Roach,"Wilkins, Goodman and Cummings",North Melvin,Wallis and Futuna,(705)989-7127x1441,+1-065-887-8300x640,kathleenbrewer@sweeney.com,2022-01-04,https://www.ward.com/,,,,,,
168,3a7836DbB6347AC,Angel,Park,"Barry, Thomas and Oconnor",South Marciafurt,Morocco,001-879-705-2671x02795,036.127.3806x095,masonadriana@price.com,2020-03-29,https://yang-roach.com/,,,,,,
169,7F2ceBFc5eBE80A,Bradley,Delacruz,Mathis-Rocha,Ortegaland,Cote d'Ivoire,+1-254-995-3856x158,958-275-5610x2731,khendrix@powers-levine.biz,2020-05-26,https://whitaker.com/,,,,,,
170,06328dB77db6D9D,Donald,Cross,"Donovan, Key and Leblanc",Bruceville,Saint Helena,(211)448-9417x2645,(291)164-3457,srodriguez@hester.info,2020-01-25,http://www.grant-campos.net/,,,,,,
171,337649Ab3CaDFb7,Jeremiah,Guerrero,"Cole, Franco and Alvarez",New Erikville,French Polynesia,(358)794-8196,+1-831-346-8745x5416,mosskevin@perkins.com,2022-05-11,http://montes.com/,,,,,,
172,cfC4Cf6Febff0dB,Perry,Trujillo,"Yoder, Watkins and Singh",Lake Joyton,Panama,(679)276-1120x3465,(664)428-0701x86584,geoffrey16@gentry.com,2021-11-13,https://www.webster.com/,,,,,,
173,F7d3Ce1c250cbCf,Brent,Beasley,Mendoza Group,South Kimberly,Antigua and Barbuda,(417)163-0671,636-571-7207x09917,bettymckinney@houston.com,2022-04-14,http://edwards-nguyen.net/,,,,,,
174,9D65c9EaF3d120E,Ariana,Velasquez,Stokes-Haney,South Codyfurt,Ireland,141.688.4785x1394,-3837,makayla22@carey-james.com,2020-08-02,https://www.orozco-santiago.com/,,,,,,
175,E63e09cbA7618Ad,Don,Vincent,Norton-Watkins,Sanfordmouth,Luxembourg,7475416093,(583)251-6028x7609,jarvislarry@lang.info,2020-03-22,https://www.mahoney.org/,,,,,,
176,84cACb9DF8CFa06,Bradley,Blair,"Mullins, Huber and Dillon",Franciscochester,Montenegro,+1-889-692-5299x5156,(265)906-6855x940,masseyriley@blanchard.com,2021-11-01,https://welch.com/,,,,,,
177,5D74Db6C837AACd,Henry,Conway,"Clarke, Fleming and Porter",Fordton,Saint Kitts and Nevis,091-289-4465x0219,874-048-2086,qrusso@le.com,2020-07-07,https://www.hansen.info/,,,,,,
178,F878fF2E97BC2Ef,Norman,Waters,Welch-Romero,West Stacey,Rwanda,290-731-6829x57399,760.299.1126,meganwilkinson@bird-anderson.com,2020-10-14,http://www.schultz-zamora.com/,,,,,,
179,bDD2ebC2Bb4EfeD,Breanna,Miranda,Mejia Group,Colinberg,India,+1-240-821-6677x7792,(067)275-3333,claytoncastillo@schroeder.org,2021-04-28,https://larson.com/,,,,,,
180,A5Cd45CD6FEe5A2,Seth,Osborne,Rollins-Carson,East Kaylee,Holy See (Vatican City State),423-915-1795,848-710-5884,xcoleman@farrell-bernard.com,2022-01-01,http://www.bradford-rivas.com/,,,,,,
181,8BABDb31B26eBe3,Lydia,Ponce,Fitzgerald Inc,New Eduardo,Mongolia,4012641567,515.159.5884x6697,lauramorris@anthony-bullock.com,2022-05-24,http://hahn.com/,,,,,,
182,83DE9dee8ed3B72,Sherri,Bradshaw,"Ramos, Suarez and Jacobs",Dariusview,Kuwait,453-417-0534x1278,054-725-7739,mossangela@farmer.com,2020-04-05,https://www.may.com/,,,,,,
183,d4aACF5b785daaF,Alejandra,Lowe,Benjamin Group,East Petermouth,Western Sahara,(443)140-6541,281-559-9196,andre80@dodson.net,2020-09-27,http://wilcox-liu.com/,,,,,,
184,9193A4C5a8Cd335,Raymond,Bernard,Odom-Hull,Lake Karlaburgh,Burkina Faso,(681)600-1670x08508,8250158974,adam45@tanner.com,2020-03-06,http://www.collier.net/,,,,,,
185,edF0eDC8D61ABBe,Patricia,Moss,Acevedo-Rasmussen,North Stacey,Belarus,(249)381-9632,(693)058-2300x4868,pfleming@french.com,2021-10-16,https://www.underwood.com/,,,,,,
186,F58a977a2cE01E5,Hector,Meyers,Hanna-Ortiz,New Mario,Tanzania,+1-283-807-3191x14650,(847)749-7663x8913,bowersjessica@arellano-hart.com,2021-11-19,https://massey.info/,,,,,,
187,a45Cd8423E56A7a,Pedro,Zhang,Conway-Stewart,Jacobmouth,Kazakhstan,(873)766-6452,001-254-122-8268x18631,barronsergio@valencia-proctor.com,2021-07-11,https://www.barajas.com/,,,,,,
188,4EA2fe116fb3EB5,Marco,Donaldson,Wagner and Sons,West Aprilberg,Canada,5644222600,163-506-3864x03308,holmesdwayne@sheppard.biz,2021-07-22,https://alvarado.info/,,,,,,
189,ccC3b8ae049544D,Shannon,Yoder,Whitney Ltd,Jofort,Nepal,-5406,1908305660,laura10@romero.com,2020-07-17,https://www.lang-ellison.org/,,,,,,
190,33bC91cd5EEB5DC,Brian,Downs,Ramirez-Thompson,New Anitafurt,Kazakhstan,835-200-1345,001-296-402-9601x0673,dcombs@mcneil.org,2020-08-03,http://www.rangel.com/,,,,,,
191,5A375fc846cE010,Dillon,Cooley,Luna and Sons,Port Micheleville,Ireland,+1-075-986-4034x964,324.854.1698x74503,cody25@watkins.com,2020-06-28,http://bullock.com/,,,,,,
192,DC5AcF32E413E3E,Joyce,Chaney,"Stanton, Lane and Schmitt",North Francis,Luxembourg,682-343-3164x5621,+1-852-286-4065x987,joannarusso@nelson.com,2020-01-26,https://www.chapman-short.biz/,,,,,,
193,c0B71AddCF5AcE4,Angelica,Schaefer,"Jackson, Gibbs and Parker",Lake Sydney,Sudan,(760)747-3821,354.545.5420x0320,mark43@stevenson-garcia.com,2021-01-18,https://whitehead-payne.com/,,,,,,
194,44dC6C8Ca4f0a90,Marcia,Horton,"Carter, Ford and Matthews",West Kendra,Kiribati,(993)224-4282x8920,+1-132-751-6285x2256,mcdowelljenna@beck-lewis.com,2022-05-17,http://arnold-morse.com/,,,,,,
195,657eA09240Bd02A,Sydney,Barr,Weiss LLC,East Courtneyview,Micronesia,(695)288-8162,(938)765-1789x50304,carlosstewart@deleon-griffith.com,2022-02-05,https://hurley-blankenship.net/,,,,,,
196,6d0d8Fbf5b2D7bC,Jay,Hodge,Wolf Ltd,South Rebekah,Guernsey,001-439-491-2180,006.480.2520x21666,fvillarreal@brewer-pena.com,2021-02-06,https://www.carlson.com/,,,,,,
197,53B158FcccFF74c,Angela,Jackson,"Reynolds, Patel and Rush",Reynoldsborough,Congo,+1-196-821-6270x5206,(552)005-7001x05902,arthurpetersen@bolton.info,2022-02-06,http://perry.net/,,,,,,
198,a8FfE4fbd7910b9,Bethany,Barrera,"Swanson, Figueroa and Heath",Vickietown,South Georgia and the South Sandwich Islands,001-411-057-3486,6232251109,rhonda48@castro.info,2022-05-29,http://www.cortez.com/,,,,,,
199,7fB6124FC680839,Cindy,Valenzuela,Rojas LLC,Maychester,Chile,+1-860-035-9154x21075,001-489-685-6257x790,maryforbes@oliver-mills.com,2020-04-13,http://www.holmes-wolfe.info/,,,,,,
200,dDfcEc72F9C2EE2,Christine,Camacho,Pace and Sons,South Daveville,Yemen,-2357,+1-130-032-9347x4714,aguirrenatalie@randolph-moore.com,2021-02-26,https://www.nolan.com/,,,,,,
201,46da39f97fAF05f,Tyrone,Hendrix,"Small, Osborne and Rojas",East Wayne,Vanuatu,390-305-6359x25631,-4422,javierbarron@mcclure.com,2020-02-15,http://www.collins.com/,,,,,,
202,B557b025a4712A7,Roy,Gould,Beasley Ltd,Jackberg,Montserrat,(831)296-1569,001-512-859-7371x47076,fmoore@vega.com,2020-04-26,http://www.livingston-stanton.net/,,,,,,
203,EAc7eFFfAB5c6F0,Matthew,Mann,"Benton, Flowers and Snow",Aguirrebury,Papua New Guinea,011-996-6415x73778,543-014-0078x4213,summer05@harrison-bowen.info,2021-01-06,http://www.swanson.com/,,,,,,
204,e03f14D59F512A9,Taylor,Torres,"Gamble, Cooke and Lewis",Port Roberto,British Virgin Islands,+1-302-263-0760x673,(846)264-7720x044,ihuerta@lutz.info,2021-12-29,http://medina-williamson.com/,,,,,,
205,CEa5C35aEaF44CF,Hannah,Waller,Glenn and Sons,Fritzbury,Turkmenistan,403-463-5810x69144,-7148,gouldruth@novak-dunlap.com,2022-04-23,http://www.cunningham.com/,,,,,,
206,BE3c6CC4B8b58ac,Randy,Cannon,Le PLC,South Nancy,French Southern Territories,708.846.5418x222,+1-413-822-6734x526,pcampos@lloyd-leblanc.info,2022-01-21,https://www.henry.com/,,,,,,
207,eD6bdfeF85Afe01,Adrienne,Hunter,Escobar-Cannon,Lake Glennside,Kazakhstan,952-008-0777x0963,248-271-9569x5820,lindsay75@levy-valentine.com,2022-04-02,http://www.wiggins-cuevas.net/,,,,,,
208,3D60AEa0bAd4fcD,Raven,Weaver,Bray PLC,Adamsfurt,Gibraltar,232.534.0126x732,991-885-7191,hutchinsonmartin@shelton-burnett.com,2021-05-17,http://duncan.com/,,,,,,
209,7E9b016a452809a,Isaac,Murillo,Conrad Inc,Port Ryan,Romania,905.799.2959x3989,+1-541-363-4291x59985,schmittstephen@elliott.biz,2020-05-21,https://www.burgess.biz/,,,,,,
210,C75d32ACd9E04f2,Kelly,Branch,Barton Group,Port Beckymouth,Montserrat,(901)932-4326x7097,001-825-904-2905x65639,alexandranguyen@carr-gray.net,2021-06-04,https://www.orr-meyers.com/,,,,,,
211,2bf6d8FA82ff41e,Chelsey,Larson,Walls Inc,New Yolanda,South Africa,(361)743-6143x6781,2574283831,katrinarasmussen@craig.com,2020-05-09,http://www.jimenez.com/,,,,,,
212,B2ec81f6e1C5AAF,Rick,Marquez,Woods-Warner,New Taylorburgh,Bahrain,6204440182,1562668501,josephflynn@rivers.com,2020-09-08,http://foley-porter.biz/,,,,,,
213,343bfaCa1c6cf20,Tricia,Mckee,Macdonald Ltd,Port Kimberly,Turkmenistan,417-617-5699x985,429-130-1247x87803,gabriela43@wilson-stanton.biz,2020-05-25,http://www.pham-burton.com/,,,,,,
214,e1BbBb2ebBd4c4f,Rebecca,Blake,Young-Sawyer,East Casey,Somalia,984.692.4496x1810,(189)475-9798,brownvalerie@wade.net,2021-10-11,https://chapman.com/,,,,,,
215,cC0fFa66c619Ec8,Dan,Mcmillan,Wise-Mckay,South Jeremy,Uzbekistan,+1-282-514-9380x3559,8503483092,martin28@gibbs-whitney.biz,2020-07-25,http://shea-proctor.org/,,,,,,
216,cE7C6adCc0eA8ea,Sabrina,Hill,Park-Kaufman,Daveborough,Ireland,+1-555-941-7595x36428,616.643.4876,omiles@mcdowell.com,2020-03-26,http://koch.org/,,,,,,
217,6d8aa560CE110Dc,Victoria,Walter,"Kline, Cobb and Gregory",Francisside,Malaysia,012.856.3350,-4608,melanie66@townsend.com,2020-10-07,https://fields.org/,,,,,,
218,CF35dAbc52F2445,Jorge,Hendrix,"Delacruz, James and Calhoun",Jerrychester,South Africa,658.303.1832x4024,-10721,cbates@walker.com,2021-06-17,https://hartman-hayes.com/,,,,,,
219,12b63e4656a94BD,Jodi,Fox,"Walton, Davenport and Charles",Wallacestad,Eritrea,(953)746-6609,586.106.1239x86066,ashley25@lutz-arellano.biz,2020-06-16,https://estrada.org/,,,,,,
220,1a94Daeb8ecf5Dc,Sara,Vargas,Maynard LLC,Patelhaven,Senegal,410.944.5826,1762680733,erikdalton@hines.org,2021-06-17,https://wilkins-riggs.com/,,,,,,
221,fCCC17cffd8347b,Cynthia,Johns,Burns-Jimenez,South Shelley,Egypt,184-557-2207,001-235-369-0587,sellersmarvin@henry.com,2020-11-20,https://braun.com/,,,,,,
222,feF0F4a69aC9e93,Jordan,Hanna,"Nguyen, Ruiz and Finley",Santosport,Heard Island and McDonald Islands,-5281,+1-304-766-6187x26637,davidchoi@kim.net,2021-05-19,https://case-hester.biz/,,,,,,
223,5fC5f9CCEF2DcA8,Maurice,Ramsey,"Everett, Humphrey and Zhang",Lake Dillonfort,Antarctica (the territory South of 60 deg S),784.610.6779x71551,(079)114-7902x694,zturner@jimenez-wells.biz,2021-07-27,https://duke-church.biz/,,,,,,
224,A449EaabD6a2Ffb,Catherine,Nicholson,Mckee PLC,North Tracey,Netherlands,6990218746,497.146.3445x3257,bdelgado@henry.com,2020-07-07,https://www.peters-goodwin.com/,,,,,,
225,2bCCbaeaFfBe264,Sean,Todd,Rice-Wilkins,New Reginahaven,Bangladesh,035.655.0185,838.470.1313,uwarner@meza-carrillo.com,2020-03-13,https://www.dougherty.com/,,,,,,
226,67b2CF189EcFb5b,Lacey,Bond,Dougherty-Day,Grantshire,Bangladesh,873-589-5122,232-945-1059,glenncook@king-garner.com,2020-12-11,https://flynn-frederick.biz/,,,,,,
227,f4d401cf9Ad1bea,Katelyn,Wise,"Daugherty, Cooley and Joseph",New Alexa,Switzerland,444.131.5864,269.785.7119,ndougherty@bentley-lutz.com,2020-12-26,http://www.montes.org/,,,,,,
228,4F158BB4FFB3Cdd,Christine,Bowers,Davenport-Neal,Jacobmouth,Jamaica,+1-864-462-7997x15262,+1-057-077-5337x250,jmorrow@campbell.info,2020-10-03,http://www.faulkner-nelson.com/,,,,,,
229,A205c4fDc4AeD44,Adam,Levy,Conrad Group,Bushview,Nepal,937.480.3643x98361,(511)946-3691x20164,pcuevas@hancock.org,2020-05-15,http://osborn.com/,,,,,,
230,E51249bCaC2D3C0,Hayley,Ellison,Tyler Inc,South Howard,Lao People's Democratic Republic,460-054-8907x237,001-230-027-5418,ameza@cobb-poole.com,2020-02-11,http://cantrell.biz/,,,,,,
231,4ae3d1e39eBA622,Vernon,Warner,Monroe-Mccoy,Zoefurt,Japan,367.187.0987x3041,+1-258-982-1772x31593,tzimmerman@moore.com,2021-09-08,http://holt.org/,,,,,,
232,6f65C6ea02BDadF,Fernando,Townsend,Wyatt-Henry,Lake Joshuastad,Turkey,217.548.7104x408,621-905-6100x381,kelly08@miller.net,2020-04-12,https://www.west.com/,,,,,,
233,A998A4F98474F3B,Walter,Parsons,Owen-Warren,East Alyssa,Mauritania,001-810-483-0432x6641,+1-414-607-9239x148,pboyer@lambert.com,2021-12-24,http://robinson.info/,,,,,,
234,8F7ba1BA4fbCa78,Brady,Hill,"Hull, Knight and Kerr",Montoyaberg,Saint Kitts and Nevis,(251)597-3770,+1-889-626-0069x4100,yhaley@beasley-boyle.com,2021-09-26,http://pace-cowan.com/,,,,,,
235,6F2de1a7EdE2a53,Loretta,Rice,Jimenez-Medina,Port Danburgh,Moldova,279.450.0168,4071029677,poncejackie@mooney-allison.com,2020-11-16,http://silva-shah.com/,,,,,,
236,eF2fec28b643Ecc,Hannah,Beck,"Gay, Ward and Villegas",Port Carlos,Mauritania,890.966.8503,6228414733,reyespaula@velazquez-gillespie.com,2021-07-12,http://ramsey.info/,,,,,,
237,29C5Aa7D394F650,Jocelyn,Stephens,Macias-Burns,Kelleyview,Algeria,001-368-217-6779,5407089785,velazquezchloe@fitzpatrick-byrd.com,2021-08-08,http://www.koch-parks.com/,,,,,,
238,A1cFceb6Ab52BA2,Benjamin,Chan,"Huerta, Potts and Crosby",East Emma,Finland,(195)906-4903x87261,620-244-6966x7553,kari54@short.com,2020-09-21,http://www.li-berry.com/,,,,,,
239,db7D54e0ABF87C2,Caroline,Clarke,Reed-Tucker,North Sydney,San Marino,+1-917-288-8837x28207,725-182-3978x780,amckenzie@leonard-newman.com,2020-04-19,https://alvarado.com/,,,,,,
240,bB69ADCd6AdD5F7,Cameron,Forbes,Cervantes-Hendrix,Rhodesside,Rwanda,817.417.7386,625210700,marie76@molina.org,2021-09-11,http://carson.com/,,,,,,
241,2b6af79868F386f,Wyatt,Mclean,"Flowers, Kline and Bass",Spencerchester,Dominican Republic,+1-837-864-8967x79624,284.141.5905,ckrueger@cervantes.com,2020-01-19,https://barnes.com/,,,,,,
242,dEc837d5F13C1ed,Kendra,Waters,Gates Inc,Warnerport,Nicaragua,5445638365,939.571.9576,tracey11@carney.com,2020-01-02,http://www.ayala.com/,,,,,,
243,828C734a81bBf4B,Tom,Bradley,Stone Ltd,Lonnieburgh,Trinidad and Tobago,001-261-351-1172x386,(327)867-1874x670,terriblack@huffman-burnett.com,2020-10-22,https://gordon-chen.com/,,,,,,
244,8bB5Eed0daFEeb5,Adrian,Frazier,Franco Group,Seanport,Ecuador,049.485.9910x79759,034.265.2339,ballfernando@miranda.com,2022-04-13,http://www.fleming.org/,,,,,,
245,DDfd0EEF4B46Eb3,Beverly,Kirby,"Ruiz, Chase and Villa",Elijahchester,Bangladesh,(084)862-1420x01125,-8857,valentinecarmen@michael.com,2022-04-01,https://www.mays-blevins.info/,,,,,,
246,BeDABcE5dbCa239,Priscilla,Stuart,Peck-Werner,East Max,Liechtenstein,(914)412-7148,(881)979-4350,jessehernandez@holder.org,2021-04-16,https://cantrell.net/,,,,,,
247,57Fb161EEb1C9Ea,Roberto,Hogan,Massey-Hoffman,East Javierfort,Aruba,6704403702,6760257899,christiangriffith@newman.com,2020-05-27,http://ferguson.net/,,,,,,
248,b9006D3c9cEeFef,Victor,Rogers,Walls-Randall,Gabriellafort,Kiribati,001-446-612-7595x848,138-204-0333,tannerbrandi@duarte.biz,2022-04-11,http://suarez.com/,,,,,,
249,EF0B773aE00C2dc,Alisha,Gallegos,Montoya-Mccarthy,Lake Christianton,Singapore,001-208-419-2907x81591,(892)277-7120,bernard01@hammond-delacruz.net,2022-03-26,https://www.hale.com/,,,,,,
250,aD8Db76dA126dFB,Stefanie,Fuller,Keith-Wyatt,Mcleanshire,Ukraine,841-648-5616x43918,213-211-3381x2473,bonnievilla@briggs.com,2021-10-19,https://www.nicholson-zavala.org/,,,,,,
251,b8fCA4DbB790ddA,Jackson,Grimes,Chan-Mcknight,Gayfurt,Kuwait,(748)596-0289x119,159.103.4929x6640,fullercarly@wells.biz,2020-09-26,http://www.hunter.com/,,,,,,
252,ebDeea2d7ceA4A8,Miranda,Robles,Maynard-Ramos,Lake Kevin,Andorra,(592)775-2595x3361,(216)763-8110x6083,sgarza@thompson.com,2020-10-16,https://www.holder.com/,,,,,,
253,BdBF790f2DB42FE,Gilbert,Bowers,"Russell, Ashley and French",Wyattborough,Bahamas,-7502,+1-709-029-8876x9575,sfields@sexton-archer.com,2022-04-13,http://nelson.com/,,,,,,
254,5B789BA48f72Cd2,Jon,Gay,"Frey, Howard and Burns",Lake Mike,Kenya,001-464-405-4973x992,429-643-4061x065,hmelendez@jenkins-ingram.org,2022-02-23,https://www.garza.com/,,,,,,
255,bbd714cFdfDD3DD,Julia,Davila,Montoya Group,Port Caleb,Aruba,001-230-360-3830x50623,763.779.6968,ericafrederick@beasley.org,2022-02-19,http://rush.com/,,,,,,
256,cf01fCEFeABD468,Aaron,Potts,Berg-Cannon,Kathrynville,Bulgaria,508-464-4330x29848,234.844.2278,kathryn22@patel-gross.com,2021-05-21,http://www.burns-kane.com/,,,,,,
257,D7BbB33Be1FC539,Rachael,Jimenez,"Burnett, Vang and Delgado",Alextown,Bermuda,(070)216-7245x1049,255-655-4082x357,romerotricia@chung.org,2022-04-19,http://yang.info/,,,,,,
258,D16609fed9fEC2d,Lucas,Macdonald,Navarro-Patterson,West Baileystad,Benin,(604)145-2223,416.180.1375,masseykathryn@sawyer.com,2020-01-22,https://www.morton-monroe.com/,,,,,,
259,aF03B4cFc6c05C8,Kristopher,Sanders,Lamb-Oconnell,North Judyville,Comoros,001-610-597-9134x568,(299)038-9462x724,eperry@yates.com,2021-01-01,https://www.warner.info/,,,,,,
260,AdaaB43FFccaB0d,Alexandria,Hutchinson,Fry Ltd,East Jake,Azerbaijan,7449647777,7262139833,coffeymichele@hawkins-morrison.org,2020-04-03,http://www.collins.biz/,,,,,,
261,73fAFf3C782aa7D,Natasha,Schmitt,Russo PLC,New Tammy,Iceland,051.545.2869x0567,+1-118-630-5686x211,kelliewaters@fox.com,2020-02-28,http://alvarado.biz/,,,,,,
262,f21a28E24EDfCa3,Jose,Acosta,"Schmitt, Wyatt and Rice",East Gailhaven,Saint Lucia,(729)033-4995x139,+1-124-924-5660x428,brooke89@carson.biz,2020-08-25,http://www.wilson.com/,,,,,,
263,c7838eEacAac61E,Cassidy,Dominguez,Dixon-Winters,South Annetteville,Bouvet Island (Bouvetoya),(974)729-3737x75245,528-931-4350x3356,omcfarland@lin-atkinson.biz,2022-04-06,http://lutz.biz/,,,,,,
264,d3eAc0663BA3dcA,Debbie,Savage,Carey Inc,Port Franklin,Cape Verde,793-415-0643,(697)758-4186x3525,vsingleton@huynh.info,2021-04-02,http://fleming.com/,,,,,,
265,B3b629eDc47eD22,Felicia,Burnett,Ortega and Sons,Lake Joyce,Saint Helena,903-009-4355x088,657-016-3317x94078,stevensonbeverly@huerta.com,2020-12-07,http://case.info/,,,,,,
266,Cf1C67B4bf71090,Hayley,Gutierrez,Bridges-Keller,Alexandriamouth,Turkey,3911087747,001-620-232-7743x3319,janice91@stanley.com,2020-03-26,http://www.ortiz-mcmillan.com/,,,,,,
267,7C8DA410a370aa8,Melinda,Parrish,Carpenter PLC,East Wendy,Cook Islands,318.938.2450,+1-610-278-2351x48053,burchlee@atkins.info,2021-05-05,http://www.hendrix.net/,,,,,,
268,b500ecAa2d630f2,Jeremy,Keith,"Petersen, Rivas and Mayo",Bethanystad,Morocco,561-320-1675,(535)754-3790x578,udurham@singleton-lewis.com,2021-10-03,https://compton.com/,,,,,,
269,df8F2Ec3cC9412e,James,Washington,"Fuentes, Park and Poole",East Darin,Tokelau,9506037850,529.913.4727,jacksondana@baird.com,2021-05-15,https://haley-stevens.biz/,,,,,,
270,EC9eD68ff2Eb4f4,Karen,Leblanc,Farley Inc,Deanberg,Denmark,334.155.1758,(175)473-7359x190,poneill@cameron.com,2021-12-10,https://lozano.org/,,,,,,
271,CEcCBaC64cCae6a,Ivan,Malone,Coffey Ltd,South Soniabury,Moldova,(636)876-3288x0194,4096152256,seanhiggins@whitney.biz,2020-05-17,http://www.valentine.info/,,,,,,
272,e45e5fd046d6D3c,Jesus,Cox,Rush-Melton,Deniseburgh,Tokelau,(804)948-3991,8181831524,aaronmorse@shepard.org,2021-10-18,https://www.morrison-randall.info/,,,,,,
273,47097Ec9f8C15ea,Michelle,Lowery,"Warren, Randall and Durham",Parksfurt,Australia,-7341,(419)384-5791x944,hthompson@fritz-sparks.com,2020-10-03,https://www.carter.info/,,,,,,
274,c9ea1cBBCe212c1,Paul,Meyers,"Pham, Cabrera and Long",Port Mercedesberg,Panama,350.821.3681x1897,(561)660-4342x14654,smckay@escobar.com,2022-02-13,http://robertson-gray.com/,,,,,,
275,bCAd9c26D85A9F6,Eileen,Graves,Maxwell-Murillo,Antonioside,Saint Pierre and Miquelon,+1-806-617-3289x348,1741140831,ddean@gray.com,2020-04-25,https://carlson-murillo.org/,,,,,,
276,AEC4aBbF2AbEe3F,Christian,Jennings,"Lawrence, Mooney and Washington",West Kathryn,Iceland,353-105-1827,284-721-0226x026,brett70@juarez-christian.com,2021-06-29,https://www.turner.org/,,,,,,
277,cFac8Afa1A4D08c,Don,Hendrix,"Blevins, David and Henderson",Wallaceville,Belgium,004.354.0200,(402)610-6864,zcopeland@arias.com,2020-02-17,http://www.eaton-mitchell.com/,,,,,,
278,dDf25B8D5b9cC14,Dominique,Summers,"Estes, Durham and Burgess",Rickyside,Maldives,+1-411-245-5810x615,1417109950,traceyreynolds@wilson.com,2022-05-21,https://stuart-marsh.com/,,,,,,
279,cBd7C9C9D2c09Fc,Wayne,Anderson,Manning-Pruitt,Haroldhaven,Samoa,284-504-0100x286,581717226,sheila72@pollard.biz,2020-05-22,http://knox-owens.info/,,,,,,
280,57b374c72b5C7F5,Chloe,Franklin,"Mclean, Robles and Orr",South Craig,Comoros,321-310-2883x01104,493-739-0858,suarezbarbara@cross-baird.info,2022-01-15,http://www.christensen.com/,,,,,,
281,D48bd5f8cCc2339,Carolyn,Hendrix,Jimenez Inc,West Ricky,Anguilla,784-550-5247,9246470346,huntercathy@henry.com,2021-06-21,http://meyers.info/,,,,,,
282,e5cC6aa0B9F6b68,Isaiah,Buckley,Davies-Hardy,Youngfurt,China,+1-562-432-0738x76444,+1-522-611-9078x2725,haaszachary@holmes.com,2021-01-19,https://www.lynn.com/,,,,,,
283,7CdC7Bf06ABB6Bf,Gina,Townsend,Jacobs Inc,Tommyshire,Solomon Islands,001-566-919-6015x9612,+1-968-275-4923x4140,claudia60@farrell-rivas.net,2020-03-19,http://www.daniels.com/,,,,,,
284,6841639B9B36D74,Stefanie,Grant,"Rojas, Gamble and Jensen",New Derrick,Burkina Faso,+1-408-095-4895x59444,782.777.5803x862,franciscogomez@klein.com,2020-01-11,http://www.ibarra.com/,,,,,,
285,aB3D07AEe2FE75f,Cole,Combs,Rocha-Dawson,Port Gregoryfurt,Guinea-Bissau,001-176-747-6010x15230,+1-455-745-0599x65818,sdunn@newton.com,2020-09-21,http://www.curtis.com/,,,,,,
286,edF0BCbaf41d20A,Suzanne,Pope,Haley-Coleman,East Renee,Slovenia,(443)037-4233,001-303-678-8094x36673,melinda13@andrade-acosta.com,2020-11-01,https://www.carney-rangel.com/,,,,,,
287,BE210AEfc6f1105,Gabriel,Green,Branch-Barry,Toddside,Central African Republic,070-206-5236,001-040-825-0570x3404,qballard@fitzpatrick.com,2020-07-05,https://www.whitehead.net/,,,,,,
288,52B62a129E1515d,Jeanne,Atkinson,"Swanson, Landry and Jackson",Alexfort,Guadeloupe,8338739166,666-311-1079,holderloretta@phillips-hays.com,2020-04-18,http://hughes.org/,,,,,,
289,50d2e71E5Cf30DD,Lindsay,Ferguson,Randall-Franco,North Karihaven,Montserrat,206-154-7202x49857,+1-477-603-5629x0703,marquezhaley@oliver-figueroa.info,2021-12-22,http://ramirez-harding.com/,,,,,,
290,1BEC50dC5EACb1f,Ronald,Byrd,"Ramos, Hoover and Saunders",West Dan,Tonga,(948)291-7764x934,+1-192-268-4383x187,danielle48@pollard.com,2020-07-11,http://www.sims-barber.info/,,,,,,
291,BB6806cd1bED6e1,Marco,Holden,"Fleming, Parrish and Andersen",Port Beth,Palau,+1-972-145-5541x55966,050.013.3811,maureen60@chapman-duran.com,2020-09-19,https://hancock.org/,,,,,,
292,a476fE05DE4fe4f,Isabel,English,Leblanc PLC,Anthonyport,Monaco,707-024-9199x09135,1575108887,epatel@ochoa-hoffman.com,2021-07-09,https://www.clark.org/,,,,,,
293,79Ace6A23BEED5d,Nichole,Green,Chambers LLC,New Thomasbury,Tokelau,001-613-414-2877x508,(966)300-9232x021,jpacheco@lynn.org,2020-07-11,https://www.krause.info/,,,,,,
294,bbeCA50ff989fC6,Joann,Gonzales,"Bray, May and Riggs",North Tracieview,Eritrea,3941592865,001-601-436-0845,earlhawkins@fernandez.com,2020-05-18,http://www.peck-parker.biz/,,,,,,
295,BDED6da71e0fF2f,Francis,Miller,Harrell-Pacheco,Lake Yvetteberg,Dominica,163.945.6110,808-709-6376,kristidaugherty@burch.info,2022-01-11,https://www.owens-leblanc.com/,,,,,,
296,7C87BCEf12CB8Ba,Stuart,Valdez,"Dickson, Wilcox and Hatfield",East Glenn,Bhutan,+1-319-809-8625x94284,192-313-9669x4512,michelleodom@mcconnell.com,2022-03-01,http://www.pollard.com/,,,,,,
297,13ABe9a890afba0,Tricia,Berg,Le-Banks,Port Gavin,Iceland,(572)435-5301x75929,+1-114-523-6356x019,alimelissa@montes-poole.com,2020-11-02,http://www.fitzgerald.net/,,,,,,
298,F02BecbDbCCc59f,Roger,Bauer,Braun-Morton,South Herbertmouth,Kyrgyz Republic,+1-827-892-2663x7295,-1677,joanne05@barron-perkins.org,2021-05-01,http://www.stevens-clarke.biz/,,,,,,
299,f09df5de7A2CD82,Tanner,Hernandez,Mooney Inc,Adamston,Bouvet Island (Bouvetoya),031.753.3794x79094,437-693-8543x5154,sheri28@pollard-drake.org,2020-02-23,http://www.garcia-hernandez.com/,,,,,,
300,06e2CC6b2D5aD69,Ellen,Cisneros,Larsen Ltd,Popeland,Belize,429.177.2038x11588,(862)160-6469x43350,whughes@daniel.com,2020-09-14,https://www.carlson-ochoa.com/,,,,,,
301,9446Eb5Ae23062D,Latasha,Hancock,Massey-Myers,West Leroyview,Bangladesh,(377)266-4518x939,632-947-2435,colleen53@taylor.com,2021-05-16,https://www.soto.com/,,,,,,
302,bAb7b742456Bf2e,Jenna,Lamb,Mosley LLC,Toddborough,Ecuador,017-562-4594,140.228.1623x83872,frenchcaroline@chavez.com,2021-11-27,http://melendez.com/,,,,,,
303,EAB04AAd86319cF,Francis,Ball,"Schaefer, Bowers and Li",Port Michaelafort,Equatorial Guinea,617.578.1012x84207,792-186-5148,robinlove@mckinney.com,2021-02-05,https://www.henson-arellano.net/,,,,,,
304,4a219E8afe2F6cb,Jade,Archer,"Fischer, Vang and Skinner",Berrymouth,Romania,030.312.9861x02244,169-761-9917,afitzpatrick@bartlett.org,2020-09-02,https://www.schneider.info/,,,,,,
305,0eeC8874c3cfEE5,Zachary,Parker,Ewing and Sons,Port Glennborough,Burkina Faso,+1-844-254-1041x6556,814-409-3822,willie12@norris-pennington.com,2021-12-09,https://yoder.com/,,,,,,
306,09ccbfbdDD6f9c8,Karen,Kent,Dickerson Inc,Hofurt,Luxembourg,436.654.3584,9735110577,vfletcher@pineda.com,2021-03-03,https://www.willis-hendrix.biz/,,,,,,
307,C0eA15D68D551b3,Joshua,Dalton,Cross PLC,Lake Troyville,Nepal,001-755-615-1410x02770,850.777.2274x586,msellers@fisher.net,2021-02-24,http://stone.com/,,,,,,
308,eCEEbab57beeecF,Kiara,Ashley,Watson-Delgado,Francohaven,Nigeria,(066)660-7132,430.441.1793,norma73@martin.com,2021-10-26,https://www.humphrey-floyd.info/,,,,,,
309,Ab150a0eC9eE5Ce,Doris,Greene,"Jacobs, Velazquez and Estrada",Lake Omar,Libyan Arab Jamahiriya,268.520.3987x57283,(607)239-1682,pjones@prince-blackburn.com,2021-10-06,https://freeman.org/,,,,,,
310,061Dd3953AC0350,Helen,Kaiser,Petty-Joseph,New Katrinaview,Heard Island and McDonald Islands,6693060061,+1-556-119-7696x262,jmay@osborn.com,2021-07-14,http://www.gilmore-henson.com/,,,,,,
311,e72615CbCAfD23f,Ariel,Francis,"Flores, Peters and Leon",Meyerfurt,Switzerland,+1-458-511-1407x3782,219.502.8531,gcarter@rollins.net,2020-09-01,http://mcdaniel.com/,,,,,,
312,dEbA4c280C2BC4c,Heidi,Singleton,"Glenn, Peck and Ashley",East Alberthaven,France,001-391-845-0719x17915,(881)439-4412x5237,tkelley@richardson.com,2021-05-31,https://day.biz/,,,,,,
313,B49A38a0E3636dD,Guy,Keller,Callahan-Walters,Lake Morgan,San Marino,469-249-3295x40023,719.639.5111x3403,kleinmarilyn@frost-baird.biz,2020-06-19,https://www.fuentes.net/,,,,,,
314,aC8125126392EF6,Meghan,Moses,Henry LLC,Bernardmouth,Holy See (Vatican City State),397.979.4605,+1-720-900-5335x06961,xcannon@leblanc-hays.com,2022-02-23,http://sloan.com/,,,,,,
315,72B5a2ddE4EF5d0,Jodi,Moran,Ashley-Johns,North Lacey,Solomon Islands,+1-121-247-8279x217,909-089-8169,wsmall@jennings.com,2022-05-17,https://www.espinoza-gilmore.biz/,,,,,,
316,F26EA73B2B0D680,Heather,York,Morrison Ltd,Alexville,Senegal,754.484.8271x55016,360-735-0681,jesse32@ingram-paul.com,2020-12-25,https://hall.net/,,,,,,
317,F4b4dCF1DEcdB3A,Gail,Salazar,Barnett Group,North Isaacport,Saudi Arabia,685-527-3077x323,(628)612-0688,alvinbeck@petersen.net,2021-03-10,https://www.peters.com/,,,,,,
318,99CFEd2a16AFA1D,Tammy,Cantu,Estes-Evans,North Chelseyland,Senegal,780-890-7757,208-131-0024x8415,crystal44@holder-berger.com,2020-01-22,http://kennedy.org/,,,,,,
319,BFB7C3A44Dd1e9e,Olivia,Mcgrath,Duran PLC,East Chelseyfurt,Vietnam,210-873-3470x71370,319-264-5351x834,claytonday@drake.com,2021-04-06,https://www.mcdonald-ho.org/,,,,,,
320,b7C9e51d3aF5B6B,Michele,Case,Mathis-Young,South Roberta,Equatorial Guinea,367-436-0262,499-049-4876x69966,isaachawkins@brock.net,2022-04-05,http://stout.com/,,,,,,
321,d64895790A96b26,Matthew,Brock,"Gregory, Harrison and Roman",Elizabethburgh,Bhutan,+1-782-984-2667x648,647.998.8564x272,kendramyers@moses.biz,2020-09-30,http://wolf.org/,,,,,,
322,15892ECFb9BeBd3,Jenna,Henry,Clements-Roberts,Tommyshire,Jamaica,5125333850,998-357-1638x25087,xzamora@rogers.net,2021-12-20,http://www.cantrell.com/,,,,,,
323,85fE9bc7A71dCB9,Kristina,Hunter,Fry-Melendez,East Isaac,Ecuador,414.387.9962x8086,275.749.8108x662,bonnie63@potter-combs.com,2022-01-01,http://jensen.com/,,,,,,
324,c9Bb9740d8CEcAb,Shirley,Bowman,Roman LLC,East Dianeport,Reunion,135.578.2855,(079)827-8903x8117,nicholasvaldez@wall.com,2022-04-16,http://www.miles-chapman.com/,,,,,,
325,EdaCbdd53cbCEeC,Allison,Walter,"Frost, Herring and Maxwell",Prestonchester,Sierra Leone,001-997-472-7037x9094,-1805,ypage@pittman.com,2020-04-17,http://mcgee.com/,,,,,,
326,addC6FdeBB8Cc31,Frances,Beltran,"Hunt, Howard and Black",Lake Lindseyberg,Swaziland,4349593569,373.145.3387,manuelfoster@carr-nunez.com,2020-04-28,http://www.atkins.biz/,,,,,,
327,aDd1631F795BFDB,Bailey,Waters,Fox-Frey,South Gary,Swaziland,(174)118-8288x93680,001-609-376-6347x05955,jillian22@wyatt-olsen.net,2020-04-13,http://melton.info/,,,,,,
328,77D767dbb3f1477,Jeanne,Horn,Cisneros and Sons,Lake Billy,New Caledonia,452.640.7715x489,580.680.5998x18153,murillobrittney@johnston-brady.com,2021-09-09,https://www.ho.net/,,,,,,
329,7b7A3BaF1d132C2,Jermaine,Hodges,Fields-Frederick,Lake Marilynhaven,Cayman Islands,001-531-138-1723x53933,128-891-8417,barry83@beltran-tyler.biz,2022-05-04,https://www.mcclain.biz/,,,,,,
330,55182Fe83475b8A,Jeremy,Clayton,"Contreras, Hester and Baird",North Renee,Lithuania,(420)591-5533x6400,382372214,bethmerritt@maynard.com,2021-07-05,https://www.mcneil-valdez.com/,,,,,,
331,31f87aAa0c99Ef1,Tracey,Hardy,Valentine-Murillo,Blanchardfurt,Libyan Arab Jamahiriya,503.865.4828x2502,(841)107-6231,lesterguy@figueroa-molina.com,2020-10-09,http://davenport-vincent.org/,,,,,,
332,9EcEB3dfcABc16D,Leslie,Mcmahon,Adkins and Sons,East Dominique,Brazil,4032262988,001-260-199-3561x4338,destiny13@cline.com,2020-07-14,http://www.mcgrath.com/,,,,,,
333,d3bBF1aAF4ab92a,Peter,Moore,Costa and Sons,West Debrahaven,Palau,+1-092-294-1882x3430,989-768-1517,traciliu@forbes.com,2020-07-17,https://nielsen.com/,,,,,,
334,5dD77A41eEf6fCe,Ian,Krueger,Cobb and Sons,West Melvin,Puerto Rico,4563136767,-9519,uvaughn@gardner.com,2021-10-25,http://www.montoya-monroe.org/,,,,,,
335,c292742ce78695f,Crystal,Choi,Mendoza-Franklin,South Monica,British Virgin Islands,-9445,759-553-3765,usutton@harmon-davenport.info,2020-05-29,http://www.mcknight.net/,,,,,,
336,88efB789aF1eAE5,Lydia,Peterson,"Downs, Bentley and Gallagher",Port Christiemouth,Singapore,001-269-007-2736x370,551.680.0573,obarr@padilla-moore.info,2021-12-13,http://parker.org/,,,,,,
337,aD4Cf0BF6c3e2bb,Douglas,Waters,"Lambert, Irwin and Jackson",Natalieton,Czech Republic,378-107-5527x76570,201.754.5827x84834,keithwilkins@adams.com,2020-10-19,http://zhang.com/,,,,,,
338,Ce330c8e3a46aF9,Tonya,Bond,Gill-Herman,North Joshua,Luxembourg,001-345-268-6479,644-430-9939x099,dianemonroe@gibbs.com,2021-01-15,http://beasley.com/,,,,,,
339,DB9fe0FB818Aba6,Caleb,Henson,Hahn Group,Andradeberg,Bangladesh,(276)729-7190,-4595,whitneymason@dunn.com,2021-10-15,https://www.donaldson.biz/,,,,,,
340,8Df6A40b14badC0,Tristan,Lynch,Forbes-Collier,South Spencer,Belarus,+1-681-051-2503x163,+1-284-918-2477x066,cassie84@fletcher.com,2021-05-28,https://www.flowers.com/,,,,,,
341,E4C15dF29d5f9e6,Tami,Mendoza,Calhoun Ltd,East Savannah,Cape Verde,+1-910-231-0320x38991,001-039-052-5313x5837,lwolfe@chavez-morse.biz,2021-08-24,http://www.goodwin.com/,,,,,,
342,Df6c56F8bFac68B,Leslie,Howe,Johnston PLC,New Cody,Liechtenstein,(635)622-5865x7344,116-801-6683,susan82@prince.net,2021-08-26,https://buckley.net/,,,,,,
343,fc0Af8936A663F1,Luke,Perez,Lozano LLC,Phillipchester,Thailand,001-674-232-7886x47134,130-764-5610x8585,crandall@levine.com,2020-04-23,http://hudson.biz/,,,,,,
344,8CBa883abAbF420,Gina,Rowe,Hebert Inc,Jocelynmouth,Central African Republic,202314255,001-173-424-1338x7062,carolinehunt@rowe-olson.com,2021-01-18,http://www.salinas-savage.com/,,,,,,
345,DbCE25a327a0b3F,Darius,Riggs,Best Ltd,North Philip,Moldova,001-223-637-5084x4810,001-244-845-1001x967,smcintyre@jordan.com,2021-11-14,https://www.kerr.com/,,,,,,
346,Cbd8d5e5ff4aFAe,Hailey,Hart,"Lozano, Everett and Vargas",Chungbury,Venezuela,165.250.3587,955-236-2658,regina66@ochoa.com,2020-03-26,https://www.mccarty.com/,,,,,,
347,cADa7b0B4A1B03c,Larry,Paul,Gilbert Inc,Lukeside,Cayman Islands,001-942-998-6981x065,911-014-0068x3764,russell17@chavez-schwartz.com,2021-03-03,http://arnold.biz/,,,,,,
348,d6Fb4FFbee8D4A5,Krystal,Woods,Stewart-Krueger,Crystalburgh,Taiwan,919.201.3417x93879,673-958-4160x00034,hudsonjoan@mora.net,2021-06-10,http://howe.com/,,,,,,
349,6Adb9b8C9C1dDEe,Tabitha,Reilly,Kerr Inc,Taylorshire,San Marino,475-797-1986x29372,471-091-5096,michealwhite@krause.com,2022-03-16,https://www.austin.info/,,,,,,
350,B67FfF99e083091,Roberta,Quinn,Oneal Group,North Phillip,Egypt,907-131-1623,155.867.8519x631,ekoch@myers.com,2021-10-26,http://pearson.com/,,,,,,
351,Bacb2ceBD5eC70d,Reginald,Pitts,Perry Inc,Clarenceton,Samoa,+1-101-028-2024x849,257-834-7118x396,robertsonnatasha@peterson.info,2020-01-29,http://norman-branch.com/,,,,,,
352,C3dE0b33e7fdcAd,Jesus,Rogers,Shields PLC,Jarviston,Afghanistan,738-112-1611x7396,727-063-4061x3967,frencheddie@contreras.org,2021-02-01,https://mccoy-harrington.info/,,,,,,
353,feFdfB76f7bFfBB,Roberto,Roy,"Gonzales, Cochran and Madden",South Dustin,Lithuania,(565)392-5117,+1-695-450-7648x736,gnovak@haley.com,2021-08-17,http://www.mckee.com/,,,,,,
354,233b8C0F1360203,Jillian,Mccullough,Melton and Sons,New Gerald,Martinique,(020)498-7132,(902)288-2803x637,lorettamoreno@kerr.net,2020-07-28,https://www.monroe.biz/,,,,,,
355,A853040cBF735eD,Alan,Valenzuela,Avila-Melendez,Birdtown,United States Minor Outlying Islands,(196)648-9540x823,279.571.8092,mccannmallory@parsons.com,2022-04-28,http://chan.info/,,,,,,
356,Da75138d7ebCDE2,Kristy,Dixon,Norris-Day,Ebonymouth,Holy See (Vatican City State),535-584-5025x4903,963-263-8902,jacob13@mccann.com,2020-05-03,http://www.glass-mason.com/,,,,,,
357,dFf6f43Aa1fC6fa,Henry,Holland,Eaton-Burnett,North Julian,Gabon,615.668.7783x293,+1-838-431-6386x717,benitezgina@downs-holden.com,2022-04-15,http://gallegos.net/,,,,,,
358,acaa3d9fB5803b2,Diana,Cox,Lin-Fowler,Tanyastad,Macedonia,350.631.7181x282,001-842-234-0769x5694,crystal25@spence.com,2022-05-02,https://www.sosa.com/,,,,,,
359,A9ed28AfDac3DBF,Sara,Middleton,Maxwell-Kennedy,East Ray,Nicaragua,162-920-2655x570,(423)195-2153,mcconnellglenn@gay-boyer.org,2021-07-29,https://www.warner.info/,,,,,,
360,Cdcbbc5DE7Da3Fb,Jade,Jimenez,Mosley-Knox,Wolfeborough,Dominica,001-970-532-4212x5122,001-221-796-8995x039,jaime61@wilson.com,2020-11-23,https://gonzales.com/,,,,,,
361,91CDb04d07fdB52,Carmen,Mcclain,Curtis-Lyons,Harryfort,Nauru,935.205.4625x707,253-996-8355x84538,tsummers@dixon-vega.com,2021-10-22,http://www.singh-nixon.com/,,,,,,
362,7cC00DeCB8Acb3D,Wanda,Sanchez,"Raymond, Contreras and Wall",Tuckerfurt,Montenegro,(750)689-1255x585,4412746461,wnash@sims.net,2021-12-20,https://schultz.com/,,,,,,
363,7d013321BF8AE3b,Valerie,Wilcox,Dennis PLC,Coreychester,Tuvalu,-2429,5915284279,jeanette40@banks.com,2020-04-24,https://cummings-duran.com/,,,,,,
364,eAEFcdc3A18A6db,Chloe,Hurst,Jacobs and Sons,Duncanview,Tajikistan,001-430-382-5394,1355412560,smitchell@harmon.com,2021-10-29,https://oconnor-shaffer.com/,,,,,,
365,D5aAb5A9fdAD42F,Virginia,Goodman,Salazar Ltd,Jameston,Morocco,139-882-2263x6505,(223)999-5846,dawn64@brock.com,2021-05-21,http://www.valenzuela-maldonado.info/,,,,,,
366,C84ecBaAEF865F5,Erin,Woods,Dawson Group,South Brandonville,Pakistan,858-589-6684x49913,813.048.8165x3075,bholloway@curtis-blevins.com,2021-03-27,https://www.parker-parsons.org/,,,,,,
367,b38a5e1De05Bbdf,Cassidy,Bruce,Castaneda Group,East Eugene,Congo,894.022.6936,(604)768-1647,dwaynespence@kramer.com,2022-02-21,http://benitez-lam.org/,,,,,,
368,6f3799337d34d57,Sally,Hinton,Glover-Mccoy,Guyside,Montserrat,265.484.0824,164.346.9633,rose26@navarro.biz,2021-03-08,https://ashley-mcintyre.com/,,,,,,
369,86c6c79858896bD,Jessica,Randolph,Cruz-Chandler,Holdenfort,Qatar,398.368.3018,490.564.8480x109,kayleehenderson@tapia.com,2021-08-28,http://www.vang.com/,,,,,,
370,a7Ccf5Cc2Ccb5b3,Kelly,Hogan,Estrada PLC,Jaimeberg,Saint Vincent and the Grenadines,070-023-3022x79970,589.939.6535x1505,billmata@hatfield.com,2021-09-07,http://hanna.net/,,,,,,
371,c239cDD7AECcDF6,Derek,Chung,"Cooke, Downs and Hines",North Adriana,Georgia,-7700,001-338-772-7020x3153,grahamevan@wright.com,2020-11-24,http://hooper.biz/,,,,,,
372,BCfEfbb07f9CAe6,Shirley,York,Nolan-Hardy,Rodriguezbury,Brunei Darussalam,246.810.3195x229,(648)904-3479x933,flemingcindy@dominguez.net,2020-04-03,https://www.leon-donovan.net/,,,,,,
373,87fDFB04b140E08,Cody,Potts,"Acosta, Robbins and Nash",Lunaville,Panama,079.652.7124,640-797-4175x5434,fischerselena@novak-fitzgerald.biz,2021-04-19,http://berg-hardin.com/,,,,,,
374,Ba6f5aC5B3A0B7d,Erin,Gill,Mosley-Whitney,South Rachelchester,Iran,188-227-7401,(189)479-8815,dixonmelissa@brooks.com,2021-07-12,http://bentley.com/,,,,,,
375,F59f5AaF210DEAf,Nicole,Vargas,Powell LLC,Alvaradoton,Vietnam,030-173-3258,001-746-623-6061x27545,hrobinson@estrada.com,2021-12-12,http://pace.com/,,,,,,
376,64f8dF266dAD25C,Sharon,Mack,"Vaughn, Kelly and Meza",Odonnellberg,Saint Lucia,-7782,+1-037-515-3146x10582,cristian24@hebert.net,2021-11-10,http://www.oconnor-riggs.com/,,,,,,
377,0efb09C7D23f9D0,Monica,Lopez,"Farrell, Mcclain and Kaiser",Latoyabury,Maldives,1607534127,545-507-4125x3231,terrance86@orozco.net,2021-01-25,http://www.cervantes.com/,,,,,,
378,899cbDE6c10eB9A,April,Jones,"Daniel, Rowland and Heath",Fryeville,Cocos (Keeling) Islands,+1-892-353-6504x1617,823.450.5415x33858,taylor78@roberson-cline.com,2020-01-30,http://www.lang.net/,,,,,,
379,afd416397924e91,Johnny,Reeves,Holden-Camacho,Lynnborough,Chad,587-480-9020,-8434,moyeralejandra@ball.com,2020-08-12,https://www.mueller.com/,,,,,,
380,386d8552b5Dc6a5,Brandi,Owens,Bray-Nelson,Lake Jacobstad,Dominican Republic,820.292.2415x55128,+1-225-611-6500x76639,karadrake@harris.com,2020-04-15,http://perez.com/,,,,,,
381,ac739239aFcF121,Max,Rasmussen,"Graves, Hardin and Cummings",West Tammieport,Liechtenstein,001-928-549-3512x57008,(944)703-2933x5609,shawriley@rasmussen.com,2022-03-06,http://woodard-dawson.com/,,,,,,
382,591CE8Bb3aB2D87,Christian,Moore,Cherry and Sons,South Anne,Gambia,6085361723,388-121-8428x069,moralesleslie@scott.com,2020-06-14,https://stevens-crane.com/,,,,,,
383,05Db1ADe4B4EcBE,Tyrone,Holloway,Peters-Perez,Pachecoburgh,Tonga,981-381-0758x5982,842.201.6104x67378,wdyer@mayo.net,2022-04-09,http://www.francis.biz/,,,,,,
384,AaEbfA8864F0Ffe,Victor,Ferguson,Lawrence and Sons,Turnerfort,Comoros,355-823-7028x2739,902.325.8758x136,savannahglenn@ward.com,2021-03-08,https://bright.net/,,,,,,
385,89436752BeBF3Ec,Logan,Carroll,Chaney and Sons,Melissaville,Swaziland,327.237.4377,274.074.6169x920,cummingsjo@shea.info,2022-01-03,https://barrett.com/,,,,,,
386,DaB00C4FE0F94C3,Alexis,Hawkins,Beck PLC,West Nathaniel,Eritrea,001-258-458-3009x78532,001-696-118-9546,lcox@hensley.biz,2020-01-10,https://ray-summers.com/,,,,,,
387,E4693ceD4cf2854,Diane,Reid,Mendoza Inc,West Mikehaven,Sweden,001-490-533-3600,+1-014-617-0811x991,ballmartha@salazar-escobar.com,2021-06-18,http://www.armstrong.net/,,,,,,
388,c4b2df692043bfE,Dylan,Sweeney,Mccarthy-Leblanc,Goodmanborough,Brunei Darussalam,001-650-705-7867x2798,+1-009-403-3218x824,allisonstanton@mcpherson.net,2021-07-13,http://moyer.org/,,,,,,
389,Fc9BbAdBCC2716F,Craig,Gonzales,Clayton-Sutton,Darinshire,Falkland Islands (Malvinas),663-484-2848x3853,(840)007-1243,chungneil@flowers.info,2020-04-23,https://www.mcclure-maxwell.com/,,,,,,
390,B13cC1De16A7b2A,Jill,Cardenas,Williamson-Franco,West Kerrifort,Brazil,001-939-909-2782x7296,208.836.7061x96279,teresa89@wallace.com,2020-05-24,https://www.harvey.com/,,,,,,
391,4C07dbd609CCa2F,Timothy,Chambers,Alexander-Farrell,Pammouth,Afghanistan,001-963-502-7652x654,+1-197-026-8212x6146,sean10@fletcher.com,2020-06-04,https://arias.org/,,,,,,
392,54b4C62aADAcf02,Jaime,Terrell,Castaneda and Sons,Gilesburgh,Czech Republic,363-220-7368x6517,001-864-810-4269,ssutton@schroeder.info,2022-04-12,https://www.rogers.com/,,,,,,
393,49D34e92d722DF3,Alejandro,Hancock,Cooley and Sons,Lake Trevorton,Ghana,481-377-5274x93190,001-031-136-9191x8794,orobbins@bradford.com,2020-10-15,https://ward.org/,,,,,,
394,BE30f4B3Ba7Ff3f,Gregg,Rodriguez,Roberts-Hernandez,Leonardberg,Gambia,436.480.4182,001-518-847-6107,bernard04@evans-cooley.net,2021-05-16,https://leon.com/,,,,,,
395,f5d40eD401b66CB,Deanna,Pacheco,"Heath, Collins and Pierce",Georgeton,Oman,006-352-7818,995-097-0043x13753,courtney52@farley.org,2020-05-22,http://boone-guzman.com/,,,,,,
396,FCc33a3b8ddddB1,Mariah,Barton,Molina-Miranda,Hebertchester,French Southern Territories,001-102-790-2116x365,001-516-967-9330,rangelbrad@oconnor.org,2021-10-12,http://www.mitchell.com/,,,,,,
397,6D95f66CAC4bb0D,Valerie,Branch,Atkins-Hodges,Port Jenna,Gabon,(430)970-8216x0109,(956)539-0485x24528,jennifershannon@lane.net,2020-05-18,https://pugh.com/,,,,,,
398,cdC6bBAaC9FbFEE,Jonathan,Norman,Mays-Benjamin,Josephview,Trinidad and Tobago,(483)724-6953,001-143-263-1582x9707,chubbard@haney.com,2021-01-23,http://www.travis-vaughan.com/,,,,,,
399,dD4217ee6E211C3,Samuel,Drake,"Myers, Krueger and Sampson",South Tonya,Nauru,301.235.8441x37411,6213378153,xholden@walsh.com,2022-03-18,http://www.david-rollins.com/,,,,,,
400,c86eBcC5CE23f1E,Riley,Aguirre,Hicks PLC,East Sally,Senegal,001-500-057-5041x46881,9665450597,pattonsydney@graham.com,2022-05-07,https://tapia-erickson.com/,,,,,,
401,fC88F8C5AbE44a4,Jermaine,Baker,"Ryan, Conner and Boyle",North Diamond,Nicaragua,+1-219-345-0818x074,124.206.8062,atkinsonheather@sutton.com,2021-11-29,https://pennington-carney.com/,,,,,,
402,bCdE8dF145abf51,Holly,Hartman,"Rivas, Payne and Arellano",Dianamouth,Namibia,+1-840-650-0263x98690,509.560.6203x70695,tinakerr@aguilar.info,2020-05-27,http://www.stein.com/,,,,,,
403,C81De6a70E3abA9,Haley,Frost,Benitez LLC,Watsonfort,Ethiopia,(840)558-2581x5754,5289253589,snyderfred@santiago.info,2020-12-21,https://marshall.org/,,,,,,
404,d6242cBeEfDCB33,Lindsay,Crane,Ramos-Howard,South Gabriela,Faroe Islands,2582927721,8247769644,xgordon@king-terry.com,2020-05-26,http://mccarthy.org/,,,,,,
405,E8Af7340E4969eD,Adriana,Bartlett,Wheeler PLC,West Roystad,Svalbard & Jan Mayen Islands,9302632754,7072753003,makaylalove@foley-rodriguez.net,2020-05-12,http://www.duke.com/,,,,,,
406,70dAab994Ccc3fd,Bethany,Ruiz,"Chambers, Castillo and Graves",South Andreachester,Syrian Arab Republic,001-008-242-5333x78184,(589)797-6403,caleb30@mccann.com,2021-06-02,https://kelley.biz/,,,,,,
407,5b9cF88058fDc5B,Gabriel,Weaver,"Hutchinson, Hicks and Austin",Longton,Morocco,(886)349-6273,+1-098-776-2644x94466,rellis@blankenship.com,2020-07-08,https://stafford.com/,,,,,,
408,0e47E9eCDcBaA8B,Jimmy,Heath,"Jenkins, Clarke and Faulkner",Coxburgh,Rwanda,288.812.1579x011,583.956.9435x265,allenwalter@escobar.biz,2020-08-01,https://hardin-elliott.com/,,,,,,
409,ACA39FbBBBBbfDC,Craig,Powers,"Trujillo, Hurst and Ortega",Grantmouth,Netherlands Antilles,801-840-8731x59596,3770987729,donnasandoval@sellers.com,2021-01-30,http://ruiz.biz/,,,,,,
410,2020A9EE84edF9f,Colin,Howard,Glass-Shepard,Alexberg,Australia,268-341-0043,1601477127,manningsuzanne@osborn.net,2021-01-09,http://www.page.com/,,,,,,
411,BD974de968Baf25,Edgar,Zhang,Francis Ltd,New Reginafort,Yemen,+1-178-548-2749x097,830-303-2943x766,rbradley@buchanan-rogers.com,2021-08-17,http://www.moore.com/,,,,,,
412,DF81cAd9404dcc3,Carolyn,Lucero,Rojas-Ross,Charlottestad,Bosnia and Herzegovina,838.597.5076,+1-826-617-6451x2053,ihawkins@tanner.com,2020-05-06,https://www.mcmillan.com/,,,,,,
413,0B1d8005feeC0DD,Tonya,Parsons,Meyer LLC,South Charleneport,Rwanda,+1-844-243-2253x59574,665-577-9008x8036,singhfrank@castillo-horne.org,2020-07-03,http://www.boyd.com/,,,,,,
414,4EA46eD9c84Ca1D,Marc,Small,Trevino-Bennett,Bennettmouth,Colombia,+1-282-750-6217x95672,001-627-437-7270x3849,michaelcandice@booker-hall.com,2021-03-26,http://dawson-tapia.com/,,,,,,
415,Ebeb0ff7E3afDD3,Dakota,Elliott,"Marks, Mora and Bender",South Charleneport,Russian Federation,200.531.2955x94238,634.406.8299x866,goodmanhayden@marquez-fritz.biz,2021-12-02,http://www.simpson.com/,,,,,,
416,b2bEF8ABCaBe83A,Hector,Barry,Hunt Group,Wumouth,Gabon,2280590908,(674)344-8505x74946,ofriedman@gonzalez.com,2020-03-13,http://bender-terrell.com/,,,,,,
417,7B920F4cdC33Ac2,Morgan,Wells,Mcmillan-Ramos,East Yvetteside,Thailand,(682)051-4671x2714,(429)034-0308,alec48@copeland.com,2020-03-14,http://www.fernandez.info/,,,,,,
418,CFd665D3a72d74B,Maxwell,Glenn,"Everett, Holmes and Sheppard",Miketown,Niue,001-775-349-4096x39370,477-891-8000x491,stefanie43@hooper.com,2021-09-07,https://roberson-white.com/,,,,,,
419,c2ba942BF82F54d,Melody,Young,Peck-Rivers,Port Harold,Switzerland,3016263066,-1965,brichard@cervantes.com,2021-03-16,https://pena-clements.info/,,,,,,
420,ec7fad7E7089Cc2,Alejandro,Sutton,Byrd PLC,Lake Franklinland,Colombia,+1-797-827-1242x92150,511.074.7872x222,jillrichmond@pugh-roach.com,2022-02-05,https://riggs.com/,,,,,,
421,cBFeAd9059104d3,Jermaine,Banks,Harvey LLC,Lake Martha,South Georgia and the South Sandwich Islands,215-615-3911x03142,158.413.3879,wilkinsondaisy@chaney.com,2020-03-14,https://www.riddle-yates.com/,,,,,,
422,c6CAAD726614682,Terry,Woodward,Hicks Inc,Schultzbury,Syrian Arab Republic,(025)888-2467,395-954-3146x8730,mcculloughkylie@ford.com,2022-04-24,https://www.osborn.com/,,,,,,
423,d3b6B3EfCdC3F41,Tanner,Cherry,Mclaughlin-Lucas,Noahview,Kyrgyz Republic,323-622-6142,077-211-8790x1916,melvin55@marks.net,2020-10-23,http://www.cordova.biz/,,,,,,
424,34f20119a4653A6,Troy,Elliott,Sosa LLC,South Robertbury,Equatorial Guinea,(105)480-0123x26243,5301277009,ezamora@burke.org,2022-03-27,https://www.sampson-torres.com/,,,,,,
425,f6EA334f7a88F66,Barry,Rubio,Brock and Sons,Dalemouth,French Guiana,879-877-0959x8275,155-724-1603x410,brad79@powell.org,2022-04-28,http://www.adams.com/,,,,,,
426,FBC23eEd22B3edb,Samantha,Lutz,Mcdonald Inc,Lake Hayden,Bahamas,399-272-1656,001-255-828-7753x476,collin50@wilkinson.net,2020-06-28,http://cummings.com/,,,,,,
427,1fcf7f5458afe7F,Wendy,Trevino,Wells and Sons,Port Louis,Saint Lucia,+1-649-246-3192x6283,(784)691-9443x8233,christyconway@reid.com,2020-07-04,http://www.allison.biz/,,,,,,
428,df94B1738eaE0Ac,Greg,Mcneil,Mcclure-Thomas,Alfredhaven,British Indian Ocean Territory (Chagos Archipelago),(134)788-2076x01663,978-557-7295,anitadorsey@mccarthy.biz,2021-08-14,https://larsen-parks.info/,,,,,,
429,7DbcDf7aA078502,Rita,Hutchinson,Galvan Inc,Arroyoland,Liechtenstein,+1-281-101-3018x350,(117)804-7358x0642,friedmandean@hodge.info,2021-10-10,https://www.friedman.com/,,,,,,
430,6f8f3ACF87266F4,Rose,Robertson,"Chambers, Bernard and Rivas",West Brandonfurt,Svalbard & Jan Mayen Islands,+1-055-837-7879x1252,-10932,downsjackie@cole-orr.com,2020-01-17,https://edwards-morton.com/,,,,,,
431,7b3c3BB8302cFDe,Paige,Aguirre,Black-Pruitt,Russellland,Benin,(294)388-8874x77749,001-939-536-8931x592,robertsmelanie@swanson-willis.net,2021-09-12,https://www.cain.com/,,,,,,
432,666bcA5d1bC1bB4,Xavier,Terry,"Ray, Maxwell and Olson",North Ritachester,Reunion,001-044-902-1021x0730,(586)514-2440x84986,shamilton@wheeler-jensen.biz,2021-11-11,https://www.hughes.org/,,,,,,
433,6aFF059e79908Ba,Michaela,Thornton,Riggs-Rodgers,West Victoria,Norfolk Island,001-512-968-0738x36067,754.007.1639x8172,raysimon@smith.com,2022-04-22,http://maldonado.com/,,,,,,
434,1C9bd2b561C6079,Kyle,Rojas,"Hoffman, Brandt and Gay",West Tyrone,Liberia,(992)339-2987x8823,+1-140-802-2481x9000,donaldsongina@underwood.com,2020-06-16,http://warner-jarvis.com/,,,,,,
435,de867ED21BE7Be6,Devin,Baxter,"Kirby, Lang and Galvan",Lake Xaviertown,Jordan,509.529.1957x1149,041-002-1326,ubennett@mckenzie-farley.info,2020-02-14,https://www.ritter-spears.com/,,,,,,
436,e0518740Bc9cfd2,Omar,Farmer,"Fuentes, Mcguire and Mendoza",Tatemouth,Lesotho,6754419752,909-712-0209x6904,aowens@arnold.com,2020-07-27,https://www.robles-stuart.net/,,,,,,
437,62C2a7EF506B793,Desiree,Vang,"Patel, Donovan and Branch",Wigginsbury,Burkina Faso,001-459-908-2770x5164,974.575.2251x42998,leeeileen@peterson.com,2022-03-06,http://www.mckenzie.biz/,,,,,,
438,B8ABA5783fE1901,Fernando,Wade,Chan-Good,Rosebury,South Georgia and the South Sandwich Islands,058.700.1805x79527,696-053-0556,frederick82@pham.info,2020-06-05,http://www.schwartz.biz/,,,,,,
439,3405dAae1edfFC5,Anne,Winters,Gay LLC,Lewisview,Monaco,1543433537,(968)239-2563x9018,ybanks@velazquez.biz,2021-04-21,https://paul.biz/,,,,,,
440,C06E5CacB0AEabC,Glenn,Harrell,Vincent and Sons,Lake Douglas,India,410-876-8930,(976)366-3698x59691,luis88@calhoun-gaines.com,2021-07-05,http://chan.org/,,,,,,
441,c987e6535c414Fb,Tracey,Boyd,Mcmahon-Hale,South Victorhaven,Niger,528-632-2992,077-336-9071,oconnellkristopher@roberts.com,2021-10-11,https://hansen-frank.info/,,,,,,
442,Eb815ff4Bdc3Db4,Catherine,Becker,Ware and Sons,Christyville,Christmas Island,001-952-882-4943x6521,002.727.6883,qlambert@obrien-gay.com,2022-04-29,https://moreno-brown.com/,,,,,,
443,2eA0Db58d06eBBe,Sharon,Farrell,Collins-Kline,New Aliciaberg,Gabon,961-490-5003,991-578-5838x671,masseyvickie@prince.info,2021-04-24,http://olsen-patterson.org/,,,,,,
444,Bbc62BCaa7EEc1C,Clinton,Schwartz,Horton Inc,Reedland,Greece,4026886241,694.020.4032x027,robin51@caldwell.net,2021-07-12,https://page.com/,,,,,,
445,Db223E916D7AB44,Sheri,Perez,"Velasquez, Haynes and Parks",East Krystalland,United States Virgin Islands,137.658.0730x2226,(076)326-7301,kyle22@robbins-trevino.net,2021-09-08,http://lara.com/,,,,,,
446,CA6Cc405b96dB2f,Beth,White,Wiggins-Horne,East Hunterburgh,Israel,001-277-408-3148,449.048.8350x2987,hendrixjoanne@hooper.info,2020-06-25,http://www.bruce.net/,,,,,,
447,E83CA6652fFCf36,Cole,Benitez,"Daniel, Phillips and Garrett",Lake Amanda,Estonia,(485)799-9011,486-464-7728x6735,geoffrey76@gonzales.org,2022-02-26,https://www.roach.org/,,,,,,
448,7DbAC1a567CaFbc,Caleb,Chapman,Mullen-Burgess,Port Stanleyside,Kiribati,9173070717,(167)518-9819,lindseymcmahon@hayden-tucker.com,2021-08-18,https://mcintyre.com/,,,,,,
449,CA2C493E84e823D,Glen,Eaton,"White, Harding and Gilbert",Rosefort,Belize,069-570-2406x42623,656-441-2268,jcantu@clayton.com,2020-11-30,http://www.carpenter.com/,,,,,,
450,3Ab9edfFce89FBb,Cristina,Hanna,Mcconnell-Mccarty,West Arianafurt,Central African Republic,+1-009-592-5692x07601,001-096-428-3465x490,mathew61@woodward.com,2020-03-02,http://www.bernard.com/,,,,,,
451,1fD261D086f6C1D,Kathy,Owens,Irwin Inc,Keithchester,Brunei Darussalam,457-249-1421,(405)491-9108x80483,ugordon@boyer.info,2020-07-09,http://www.lucas.com/,,,,,,
452,D25508749F84F16,Rachael,Keith,"Gentry, Hurley and Gomez",Shannonstad,Togo,+1-163-733-5172x202,+1-934-034-2656x464,paula85@douglas-mann.net,2021-12-09,https://cortez.info/,,,,,,
453,ff3aB296eC3CbfF,Marcus,Thompson,Prince-Hodges,New Gwendolyn,Albania,296285294,210-754-8045x73177,gravesjanice@rice.org,2021-08-27,http://www.wall.org/,,,,,,
454,9B2bEE619B99C5d,Norman,Mclean,"Crosby, Ayers and Burch",South Stephen,Equatorial Guinea,101-792-2248x75474,(929)244-1286,nathaniel65@copeland-levy.org,2022-04-03,http://www.potter.com/,,,,,,
455,CaC56Fa7fdB3cBB,Brandon,Cross,"Delacruz, Hodge and Snow",North Leon,Tuvalu,001-381-394-5895,001-842-375-8326,currysabrina@henry.biz,2021-10-14,https://rowe.com/,,,,,,
456,7d719f1bCcaA3Ac,Autumn,Soto,Ho-Long,Lake Deanna,Niger,8241986767,001-838-932-5550x72809,robertasharp@vasquez.info,2022-04-29,https://www.andrews.com/,,,,,,
457,fe4b7DfcdE855b3,Jaime,Cervantes,"Garrison, Mccall and Bowman",North Kristinside,Egypt,119-870-5313x089,370.675.0668x274,casey71@little.net,2020-09-05,https://www.walter-frederick.com/,,,,,,
458,2FdF7253F607D57,Reginald,Blankenship,"Holmes, Warner and Barrett",North Carly,Malawi,001-379-229-1128,(319)873-2500,plawson@reyes.com,2022-05-10,https://www.small.com/,,,,,,
459,b8bcEF027CaB352,Chelsey,Mcknight,Morse Group,Fordborough,Djibouti,+1-949-959-6027x4955,(590)275-0778x25496,aaroncollins@nunez.com,2022-04-08,https://rich.net/,,,,,,
460,DdCF0e6Bdfd9abC,Clayton,Lindsey,Gilmore Ltd,North Sean,Greenland,348-428-5110,+1-110-293-3625x28970,katiestanton@villa.com,2021-09-03,https://www.henson-benitez.com/,,,,,,
461,d8c5E1952bd52aA,Kurt,Prince,Humphrey-Cain,Ronnieberg,United States of America,+1-392-021-7859x819,+1-515-698-0312x055,thompsonangie@may.com,2022-05-05,http://gibbs-friedman.com/,,,,,,
462,fEDfBd9AefCEE86,Joy,Choi,Montgomery Group,West Jermaineton,Dominica,-8629,753.903.3686x6517,sheenarichards@harrison.com,2020-02-25,http://daniel-walton.info/,,,,,,
463,01AEbCbD0cB7cCd,Jeremiah,May,Larson LLC,Gabrielleland,Macao,(262)014-0619x128,001-878-646-8559x7157,fgoodman@livingston.org,2021-07-29,https://camacho.net/,,,,,,
464,2B700A47d0a7258,Candice,Huang,"Barrera, Conway and Holland",New Joanneberg,Guinea,075.648.5185x0727,8704228273,adamsjim@luna.com,2021-04-30,http://porter.com/,,,,,,
465,F0DC08bBe5C8d84,Alejandra,Tran,"Blackburn, Hampton and Conway",Karatown,French Guiana,154.782.0511,220-668-2080x680,kporter@kelley.com,2021-12-26,http://wagner-orr.com/,,,,,,
466,1DdAAb3C139CD4C,Shaun,Richardson,"Cunningham, Grimes and Cameron",Rachelview,Armenia,+1-334-107-6270x7050,582-574-8554x70093,craigkent@waller.com,2020-01-20,http://www.houston.info/,,,,,,
467,7A0dA6ead4EdAb2,Darryl,Russo,Copeland and Sons,Scottstad,Nicaragua,(813)961-4357x6049,837-139-3971x450,qbates@randall.com,2021-10-26,http://zavala.com/,,,,,,
468,6614c31711BB58e,Joe,Cabrera,Wilkinson LLC,Kimberlystad,French Southern Territories,(576)331-1523x4246,(797)240-7903x95135,wesleymcfarland@dunlap.info,2020-05-06,https://rowe.info/,,,,,,
469,Af7F1daF5fFc3aa,Travis,Duran,"Vincent, Watson and Esparza",Port Russellmouth,Uganda,001-422-237-1259x85115,044-273-8508,rshields@mack.com,2021-07-23,http://wolfe.net/,,,,,,
470,D91DbdaF9AbE2C5,Warren,House,"Frazier, Cain and Santos",Lake Devonmouth,Togo,001-958-863-5451x76396,824-695-4872x9613,brittneytravis@salinas-zhang.org,2021-09-09,https://wiggins.org/,,,,,,
471,8aaA7b93ecb0a6a,Katherine,Haas,"Villegas, Stanley and Calderon",South Tonya,Eritrea,+1-600-942-9704x234,743.275.1760x259,iheath@woodward.biz,2020-12-19,http://www.schmitt.biz/,,,,,,
472,9572F1AbCFCF09b,Karen,Burton,Stein-Hess,South Andres,Cote d'Ivoire,808-117-7855,608.413.3968,gary29@craig.org,2021-04-09,https://warner.info/,,,,,,
473,69285d4cD0bE6ad,Logan,Riddle,"Leach, Gutierrez and Villarreal",Weberview,Jordan,977-123-8872x405,498.178.0105,valerie78@osborne.net,2022-05-08,http://www.christian.info/,,,,,,
474,9E2eb00EF367Fa2,Kathryn,Hester,Lam and Sons,Port Paigefort,American Samoa,001-298-135-6349,+1-010-269-0735x017,mccartycandace@mclean.com,2022-01-22,https://koch-willis.com/,,,,,,
475,F69a0ecCD997c2C,Christina,Villegas,"Mercado, Ewing and Villa",Vickimouth,Nigeria,(470)738-3122,735.636.5836,isabella03@rojas.com,2021-09-11,https://mercado.com/,,,,,,
476,05f1D7bA2Bd4764,Joel,Walters,Cuevas-Vaughn,Carlsonfort,Cayman Islands,001-751-158-4289x09917,518-034-3166x4102,icalhoun@scott.com,2020-10-21,http://www.cunningham.net/,,,,,,
477,AdBE0cFb4dF1233,Frederick,Delacruz,"Beck, Lambert and Sweeney",Brianbury,Djibouti,7485075124,+1-903-612-8499x784,kiaramacias@banks.com,2020-02-05,https://www.church.com/,,,,,,
478,C2Cb929eB37D1c6,Warren,Cantrell,"Hood, Mora and Murphy",Whitneyburgh,Korea,698.165.4951x0179,(258)215-9895,darrell62@dickson-nielsen.biz,2021-08-06,https://www.carlson.info/,,,,,,
479,196cd1bEBf9BE88,Melvin,Bates,Fry-Roy,Karinabury,Vanuatu,+1-188-596-0811x285,001-819-869-3693x57329,rashley@robbins-boyer.org,2021-01-27,https://vasquez-whitaker.com/,,,,,,
480,e140badD88486b0,Meredith,Pollard,Gilmore Ltd,Anthonyshire,Sudan,001-318-243-7439x5141,229.505.7411,sandy88@dougherty-gordon.biz,2022-01-05,http://www.miles.info/,,,,,,
481,14ec4E6B5a11fAa,Dawn,Hines,"Kane, Roman and Osborne",Collinstown,Paraguay,469-276-0499,521-672-3210,nataliemedina@mitchell.net,2020-10-17,http://www.huber.org/,,,,,,
482,2aA82CEc2Da615d,Audrey,Goodman,Jenkins-Murillo,South Rogerhaven,Yemen,2530282881,119-162-3054x983,martinjeanette@petersen.com,2021-10-01,http://www.orr.org/,,,,,,
483,6AAe1afbFdAeAFf,Kurt,Waters,Molina and Sons,Port Shane,Papua New Guinea,184-270-7286,-4648,sanderscheyenne@peters-ware.com,2020-03-03,https://www.weber-watson.info/,,,,,,
484,bBfce6c3cCaB04e,Eugene,Harper,"Rowe, Aguirre and Holloway",East Josephfurt,Serbia,+1-115-518-1104x112,398.964.1689x17341,charlotte42@bowman-arellano.biz,2020-06-14,https://terrell-proctor.com/,,,,,,
485,EC8627a6230b960,Caleb,Eaton,"Franco, Blankenship and Nolan",Rileyburgh,Sri Lanka,1736964162,359.300.6512,weverett@dixon.info,2020-07-13,https://www.bell.net/,,,,,,
486,06Fe765659a7ace,Kaitlin,Mejia,"James, Bowman and Bass",Lake Alechaven,Latvia,001-461-800-0549x5927,(373)702-3645x65021,ross23@hooper.com,2022-04-08,http://www.hicks.info/,,,,,,
487,2eF88CDC6ad286b,Jennifer,Mercado,Espinoza LLC,South Vanessaton,Cayman Islands,001-642-243-5591x490,(488)868-0611x9734,deannamiller@boyle.com,2020-05-12,https://collins.net/,,,,,,
488,7Ee692dCD8CAD8F,David,Cardenas,Cortez-Flowers,Tanyabury,Bahamas,078-430-6698,(415)215-3767x99040,mpetty@clark-allison.info,2022-01-23,http://www.roth.com/,,,,,,
489,1C6Dfa0EfEd96A3,Jenny,Reid,French-Norris,Karenmouth,Malaysia,057-794-7283x0115,(322)946-4033,dustinrhodes@fischer-hendricks.com,2021-01-16,http://www.burnett.com/,,,,,,
490,6a46bcD3CdC56d2,Lonnie,Frye,Fox-Small,Carlsonfurt,Panama,558.481.0137x0251,001-283-138-2489x0629,ronnieprince@haley.com,2021-09-03,http://zamora-wong.net/,,,,,,
491,0AcD9d0bA01EBB4,Janice,Mayer,"Cobb, Chen and Fitzgerald",Port Sheenaborough,Jersey,001-168-423-5408x6465,609-409-6722,careyspencer@ellison.com,2020-06-19,https://www.welch-houston.com/,,,,,,
492,acf26D1e0A5Facc,Debbie,Bates,"Fox, Lara and Short",South Toddchester,Sweden,890-390-7381,(485)005-6386x1941,sfrederick@fowler.com,2020-05-30,https://www.stevens.com/,,,,,,
493,4EfBeB41A29fA5e,Jean,Christian,Sawyer Group,Hartburgh,Jordan,(804)752-9766,670-938-6982x3428,gregory88@kane-atkins.org,2021-03-28,https://frederick-dawson.com/,,,,,,
494,0115aEF33Ff7afC,Philip,Harding,Burgess-Stephenson,Jenniferland,Turkmenistan,161-735-9006x7587,+1-442-009-7438x072,barrerasamantha@manning.com,2020-05-10,http://rivera.net/,,,,,,
495,7c30B97c1CB579e,Jillian,Oneal,Chambers Inc,Knoxton,Cape Verde,001-488-605-1551,202.185.9949x890,wilkinsontravis@booth-crawford.biz,2021-09-28,http://shepherd.com/,,,,,,
496,dfAFD00fa9374d0,Mindy,Christian,Fox PLC,Jesusfort,Liechtenstein,061.633.7317,+1-285-827-6290x8369,jessicagillespie@ibarra-cannon.org,2021-08-04,http://skinner-finley.com/,,,,,,
497,2EC8778AB8bdABa,Bobby,Mclean,Mosley Group,West Normanborough,Cote d'Ivoire,001-841-118-6847x3429,5845438832,hodgekiara@conley-haynes.info,2021-06-02,https://nicholson.com/,,,,,,z
498,E040edB499A6132,Amanda,Santos,Camacho-Lamb,Freemanberg,Antigua and Barbuda,092.983.8391x0219,626-158-4763x92618,slivingston@cherry-lara.info,2022-05-29,http://www.mcneil-gould.biz/,,,,,,
499,aB9FF85332Bfb2a,Ralph,Buckley,"Tate, Wall and Trujillo",New Tara,Montenegro,001-027-190-5941x6139,+1-428-335-4962x296,hansenjoshua@pugh.com,2021-05-15,https://www.fuentes-vang.info/,,,,,,
500,390f4Fefe8CD44d,Brian,Montoya,Short and Sons,West Mirandaside,Gabon,011-512-9780,857.438.8344x51367,jblankenship@harper.com,2021-01-27,http://boone.biz/,,,,,,
,,,,,,,,,,,,,,,,,
,,,,,,,,,,,,,,,,,
,,,,,,,,,,,,,,,,,
,,,,,,,,,,,,,,,,,
,,,,,,,,,,,,,,,,,
,,,,,,,,,,,,,,,,,
,,,,,,,,,,,,,,,,,
,,,,,,,,,,,,,,,,,
,,,,,,,,,,,,,,,,,
,,,,,,,,,,,,,,,,,
,,,,,,,,,,,,,,,,,
,,,,,,,,,,,,,,,,,
,,,,,,,,,,,,,,,,,
,,,,,,,,,,,,,,,,,
,,,,,,,,,,,,,,,,,
,,,,,,,,,,,,,,,,,
,,,,,,,,,,,,,,,,,
,,,,,,,,,,,,,,,,,
,,,,,,,,,,,,,,,,,
,,,,,,,,,,,,,,,,,
,,,,,,,,,,,,,,,,,
,,,,,,,,,,,,,,,,,
,,,,,,,,,,,,,,,,,
,,,,,,,,,,,,,,,,,
,,,,,,,,,,,,,,,,,
,,,,,,,,,,,,,,,,,
,,,,,,,,,,,,,,,,,
,,,,,,,,,,,,,,,,,
,,,,,,,,,,,,,,,,,
,,,,,,,,,,,,,,,,,
,,,,,,,,,,,,,,,,,
,,,,,,,,,,,,,,,,,
,,,,,,,,,,,,,,,,,
,,,,,,,,,,,,,,,,,
,,,,,,,,,,,,,,,,,
,,,,,,,,,,,,,,,,,
,,,,,,,,,,,,,,,,,
,,,,,,,,,,,,,,,,,
,,,,,,,,,,,,,,,,,
,,,,,,,,,,,,,,,,,
,,,,,,,,,,,,,,,,,
,,,,,,,,,,,,,,,,,
,,,,,,,,,,,,,,,,,
,,,,,,,,,,,,,,,,,
,,,,,,,,,,,,,,,,,
,,,,,,,,,,,,,,,,,
,,,,,,,,,,,,,,,,,
,,,,,,,,,,,,,,,,,
,,,,,,,,,,,,,,,,,
,,,,,,,,,,,,,,,,,
,,,,,,,,,,,,,,,,,
,,,,,,,,,,,,,,,,,
,,,,,,,,,,,,,,,,,
,,,,,,,,,,,,,,,,,
,,,,,,,,,,,,,,,,,
,,,,,,,,,,,,,,,,,
,,,,,,,,,,,,,,,,,
,,,,,,,,,,,,,,,,,
,,,,,,,,,,,,,,,,,
,,,,,,,,,,,,,,,,,
,,,,,,,,,,,,,,,,,
,,,,,,,,,,,,,,,,,
,,,,,,,,,,,,,,,,,
,,,,,,,,,,,,,,,,,
,,,,,,,,,,,,,,,,,
,,,,,,,,,,,,,,,,,
,,,,,,,,,,,,,,,,,
,,,,,,,,,,,,,,,,,
,,,,,,,,,,,,,,,,,
,,,,,,,,,,,,,,,,,
,,,,,,,,,,,,,,,,,
,,,,,,,,,,,,,,,,,
,,,,,,,,,,,,,,,,,
,,,,,,,,,,,,,,,,,
,,,,,,,,,,,,,,,,,
,,,,,,,,,,,,,,,,,
,,,,,,,,,,,,,,,,,
,,,,,,,,,,,,,,,,,
,,,,,,,,,,,,,,,,,
,,,,,,,,,,,,,,,,,
,,,,,,,,,,,,,,,,,
,,,,,,,,,,,,,,,,,
,,,,,,,,,,,,,,,,,
,,,,,,,,,,,,,,,,,
,,,,,,,,,,,,,,,,,
,,,,,,,,,,,,,,,,,
,,,,,,,,,,,,,,,,,
,,,,,,,,,,,,,,,,,
,,,,,,,,,,,,,,,,,
,,,,,,,,,,,,,,,,,
,,,,,,,,,,,,,,,,,
,,,,,,,,,,,,,,,,,
,,,,,,,,,,,,,,,,,
,,,,,,,,,,,,,,,,,
,,,,,,,,,,,,,,,,,
,,,,,,,,,,,,,,,,,
,,,,,,,,,,,,,,,,,
,,,,,,,,,,,,,,,,,
,,,,,,,,,,,,,,,,,
,,,,,,,,,,,,,,,,,
,,,,,,,,,,,,,,,,,
,,,,,,,,,,,,,,,,,
,,,,,,,,,,,,,,,,,
,,,,,,,,,,,,,,,,,
,,,,,,,,,,,,,,,,,
,,,,,,,,,,,,,,,,,
,,,,,,,,,,,,,,,,,
,,,,,,,,,,,,,,,,,
,,,,,,,,,,,,,,,,,
,,,,,,,,,,,,,,,,,
,,,,,,,,,,,,,,,,,
,,,,,,,,,,,,,,,,,
,,,,,,,,,,,,,,,,,
,,,,,,,,,,,,,,,,,
,,,,,,,,,,,,,,,,,
,,,,,,,,,,,,,,,,,
,,,,,,,,,,,,,,,,,
,,,,,,,,,,,,,,,,,
,,,,,,,,,,,,,,,,,
,,,,,,,,,,,,,,,,,
,,,,,,,,,,,,,,,,,
,,,,,,,,,,,,,,,,,
,,,,,,,,,,,,,,,,,
,,,,,,,,,,,,,,,,,
,,,,,,,,,,,,,,,,,
,,,,,,,,,,,,,,,,,
,,,,,,,,,,,,,,,,,
,,,,,,,,,,,,,,,,,
,,,,,,,,,,,,,,,,,
,,,,,,,,,,,,,,,,,
,,,,,,,,,,,,,,,,,
,,,,,,,,,,,,,,,,,
,,,,,,,,,,,,,,,,,
,,,,,,,,,,,,,,,,,
,,,,,,,,,,,,,,,,,
,,,,,,,,,,,,,,,,,
,,,,,,,,,,,,,,,,,
,,,,,,,,,,,,,,,,,
,,,,,,,,,,,,,,,,,
,,,,,,,,,,,,,,,,,
,,,,,,,,,,,,,,,,,
,,,,,,,,,,,,,,,,,
,,,,,,,,,,,,,,,,,
,,,,,,,,,,,,,,,,,
,,,,,,,,,,,,,,,,,
,,,,,,,,,,,,,,,,,
,,,,,,,,,,,,,,,,,
,,,,,,,,,,,,,,,,,
,,,,,,,,,,,,,,,,,
,,,,,,,,,,,,,,,,,
,,,,,,,,,,,,,,,,,
,,,,,,,,,,,,,,,,,
,,,,,,,,,,,,,,,,,
,,,,,,,,,,,,,,,,,
,,,,,,,,,,,,,,,,,
,,,,,,,,,,,,,,,,,
,,,,,,,,,,,,,,,,,
,,,,,,,,,,,,,,,,,
,,,,,,,,,,,,,,,,,
,,,,,,,,,,,,,,,,,
,,,,,,,,,,,,,,,,,
,,,,,,,,,,,,,,,,,
,,,,,,,,,,,,,,,,,
,,,,,,,,,,,,,,,,,
,,,,,,,,,,,,,,,,,
,,,,,,,,,,,,,,,,,
,,,,,,,,,,,,,,,,,
,,,,,,,,,,,,,,,,,
,,,,,,,,,,,,,,,,,
,,,,,,,,,,,,,,,,,
,,,,,,,,,,,,,,,,,
,,,,,,,,,,,,,,,,,
,,,,,,,,,,,,,,,,,
,,,,,,,,,,,,,,,,,
,,,,,,,,,,,,,,,,,
,,,,,,,,,,,,,,,,,
,,,,,,,,,,,,,,,,,
,,,,,,,,,,,,,,,,,
,,,,,,,,,,,,,,,,,
,,,,,,,,,,,,,,,,,
,,,,,,,,,,,,,,,,,
,,,,,,,,,,,,,,,,,
,,,,,,,,,,,,,,,,,
,,,,,,,,,,,,,,,,,
,,,,,,,,,,,,,,,,,
,,,,,,,,,,,,,,,,,
,,,,,,,,,,,,,,,,,
,,,,,,,,,,,,,,,,,
,,,,,,,,,,,,,,,,,
,,,,,,,,,,,,,,,,,
,,,,,,,,,,,,,,,,,
,,,,,,,,,,,,,,,,,
,,,,,,,,,,,,,,,,,
,,,,,,,,,,,,,,,,,
,,,,,,,,,,,,,,,,,
,,,,,,,,,,,,,,,,,
,,,,,,,,,,,,,,,,,
,,,,,,,,,,,,,,,,,
,,,,,,,,,,,,,,,,,
,,,,,,,,,,,,,,,,,
,,,,,,,,,,,,,,,,,
,,,,,,,,,,,,,,,,,
,,,,,,,,,,,,,,,,,
,,,,,,,,,,,,,,,,,
,,,,,,,,,,,,,,,,,
,,,,,,,,,,,,,,,,,
,,,,,,,,,,,,,,,,,
,,,,,,,,,,,,,,,,,
,,,,,,,,,,,,,,,,,
,,,,,,,,,,,,,,,,,
,,,,,,,,,,,,,,,,,
,,,,,,,,,,,,,,,,,
,,,,,,,,,,,,,,,,,
,,,,,,,,,,,,,,,,,
,,,,,,,,,,,,,,,,,
,,,,,,,,,,,,,,,,,
,,,,,,,,,,,,,,,,,
,,,,,,,,,,,,,,,,,
,,,,,,,,,,,,,,,,,
,,,,,,,,,,,,,,,,,
,,,,,,,,,,,,,,,,,
,,,,,,,,,,,,,,,,,
,,,,,,,,,,,,,,,,,
,,,,,,,,,,,,,,,,,
,,,,,,,,,,,,,,,,,
,,,,,,,,,,,,,,,,,
,,,,,,,,,,,,,,,,,
,,,,,,,,,,,,,,,,,
,,,,,,,,,,,,,,,,,
,,,,,,,,,,,,,,,,,
,,,,,,,,,,,,,,,,,
,,,,,,,,,,,,,,,,,
,,,,,,,,,,,,,,,,,
,,,,,,,,,,,,,,,,,
,,,,,,,,,,,,,,,,,
,,,,,,,,,,,,,,,,,
,,,,,,,,,,,,,,,,,
,,,,,,,,,,,,,,,,,
,,,,,,,,,,,,,,,,,
,,,,,,,,,,,,,,,,,
,,,,,,,,,,,,,,,,,
,,,,,,,,,,,,,,,,,
,,,,,,,,,,,,,,,,,
,,,,,,,,,,,,,,,,,
,,,,,,,,,,,,,,,,,
,,,,,,,,,,,,,,,,,
,,,,,,,,,,,,,,,,,
,,,,,,,,,,,,,,,,,
,,,,,,,,,,,,,,,,,
,,,,,,,,,,,,,,,,,
,,,,,,,,,,,,,,,,,
,,,,,,,,,,,,,,,,,
,,,,,,,,,,,,,,,,,
,,,,,,,,,,,,,,,,,
,,,,,,,,,,,,,,,,,
,,,,,,,,,,,,,,,,,
,,,,,,,,,,,,,,,,,
,,,,,,,,,,,,,,,,,
,,,,,,,,,,,,,,,,,
,,,,,,,,,,,,,,,,,
,,,,,,,,,,,,,,,,,
,,,,,,,,,,,,,,,,,
,,,,,,,,,,,,,,,,,
,,,,,,,,,,,,,,,,,
,,,,,,,,,,,,,,,,,
,,,,,,,,,,,,,,,,,
,,,,,,,,,,,,,,,,,
,,,,,,,,,,,,,,,,,
,,,,,,,,,,,,,,,,,
,,,,,,,,,,,,,,,,,
,,,,,,,,,,,,,,,,,
,,,,,,,,,,,,,,,,,
,,,,,,,,,,,,,,,,,
,,,,,,,,,,,,,,,,,
,,,,,,,,,,,,,,,,,
,,,,,,,,,,,,,,,,,
,,,,,,,,,,,,,,,,,
,,,,,,,,,,,,,,,,,
,,,,,,,,,,,,,,,,,
,,,,,,,,,,,,,,,,,
,,,,,,,,,,,,,,,,,
,,,,,,,,,,,,,,,,,
,,,,,,,,,,,,,,,,,
,,,,,,,,,,,,,,,,,
,,,,,,,,,,,,,,,,,
,,,,,,,,,,,,,,,,,
,,,,,,,,,,,,,,,,,
,,,,,,,,,,,,,,,,,
,,,,,,,,,,,,,,,,,
,,,,,,,,,,,,,,,,,
,,,,,,,,,,,,,,,,,
,,,,,,,,,,,,,,,,,
,,,,,,,,,,,,,,,,,
,,,,,,,,,,,,,,,,,
,,,,,,,,,,,,,,,,,
,,,,,,,,,,,,,,,,,
,,,,,,,,,,,,,,,,,
,,,,,,,,,,,,,,,,,
,,,,,,,,,,,,,,,,,
,,,,,,,,,,,,,,,,,
,,,,,,,,,,,,,,,,,
,,,,,,,,,,,,,,,,,
,,,,,,,,,,,,,,,,,
,,,,,,,,,,,,,,,,,
,,,,,,,,,,,,,,,,,
,,,,,,,,,,,,,,,,,
,,,,,,,,,,,,,,,,,
,,,,,,,,,,,,,,,,,
,,,,,,,,,,,,,,,,,
,,,,,,,,,,,,,,,,,
,,,,,,,,,,,,,,,,,
,,,,,,,,,,,,,,,,,
,,,,,,,,,,,,,,,,,
,,,,,,,,,,,,,,,,,
,,,,,,,,,,,,,,,,,
,,,,,,,,,,,,,,,,,
,,,,,,,,,,,,,,,,,
,,,,,,,,,,,,,,,,,
,,,,,,,,,,,,,,,,,
,,,,,,,,,,,,,,,,,
,,,,,,,,,,,,,,,,,
,,,,,,,,,,,,,,,,,
,,,,,,,,,,,,,,,,,
,,,,,,,,,,,,,,,,,
,,,,,,,,,,,,,,,,,
,,,,,,,,,,,,,,,,,
,,,,,,,,,,,,,,,,,
,,,,,,,,,,,,,,,,,
,,,,,,,,,,,,,,,,,
,,,,,,,,,,,,,,,,,
,,,,,,,,,,,,,,,,,
,,,,,,,,,,,,,,,,,
,,,,,,,,,,,,,,,,,
,,,,,,,,,,,,,,,,,
,,,,,,,,,,,,,,,,,
,,,,,,,,,,,,,,,,,
,,,,,,,,,,,,,,,,,
,,,,,,,,,,,,,,,,,
,,,,,,,,,,,,,,,,,
,,,,,,,,,,,,,,,,,
,,,,,,,,,,,,,,,,,
,,,,,,,,,,,,,,,,,
,,,,,,,,,,,,,,,,,
,,,,,,,,,,,,,,,,,
,,,,,,,,,,,,,,,,,
,,,,,,,,,,,,,,,,,
,,,,,,,,,,,,,,,,,
,,,,,,,,,,,,,,,,,
,,,,,,,,,,,,,,,,,
,,,,,,,,,,,,,,,,,
,,,,,,,,,,,,,,,,,
,,,,,,,,,,,,,,,,,
,,,,,,,,,,,,,,,,,
,,,,,,,,,,,,,,,,,
,,,,,,,,,,,,,,,,,
,,,,,,,,,,,,,,,,,
,,,,,,,,,,,,,,,,,
,,,,,,,,,,,,,,,,,
,,,,,,,,,,,,,,,,,
,,,,,,,,,,,,,,,,,
,,,,,,,,,,,,,,,,,
,,,,,,,,,,,,,,,,,
,,,,,,,,,,,,,,,,,
,,,,,,,,,,,,,,,,,
,,,,,,,,,,,,,,,,,
,,,,,,,,,,,,,,,,,
,,,,,,,,,,,,,,,,,
,,,,,,,,,,,,,,,,,
,,,,,,,,,,,,,,,,,
,,,,,,,,,,,,,,,,,
,,,,,,,,,,,,,,,,,
,,,,,,,,,,,,,,,,,
,,,,,,,,,,,,,,,,,
,,,,,,,,,,,,,,,,,
,,,,,,,,,,,,,,,,,
,,,,,,,,,,,,,,,,,
,,,,,,,,,,,,,,,,,
,,,,,,,,,,,,,,,,,
,,,,,,,,,,,,,,,,,
,,,,,,,,,,,,,,,,,
,,,,,,,,,,,,,,,,,
,,,,,,,,,,,,,,,,,
,,,,,,,,,,,,,,,,,
,,,,,,,,,,,,,,,,,
,,,,,,,,,,,,,,,,,
,,,,,,,,,,,,,,,,,
,,,,,,,,,,,,,,,,,
,,,,,,,,,,,,,,,,,
,,,,,,,,,,,,,,,,,
,,,,,,,,,,,,,,,,,
,,,,,,,,,,,,,,,,,
,,,,,,,,,,,,,,,,,
,,,,,,,,,,,,,,,,,
,,,,,,,,,,,,,,,,,
,,,,,,,,,,,,,,,,,
,,,,,,,,,,,,,,,,,
,,,,,,,,,,,,,,,,,
,,,,,,,,,,,,,,,,,
,,,,,,,,,,,,,,,,,
,,,,,,,,,,,,,,,,,
,,,,,,,,,,,,,,,,,
,,,,,,,,,,,,,,,,,
,,,,,,,,,,,,,,,,,
,,,,,,,,,,,,,,,,,
,,,,,,,,,,,,,,,,,
,,,,,,,,,,,,,,,,,
,,,,,,,,,,,,,,,,,
,,,,,,,,,,,,,,,,,
,,,,,,,,,,,,,,,,,
,,,,,,,,,,,,,,,,,
,,,,,,,,,,,,,,,,,
,,,,,,,,,,,,,,,,,
,,,,,,,,,,,,,,,,,
,,,,,,,,,,,,,,,,,
,,,,,,,,,,,,,,,,,
,,,,,,,,,,,,,,,,,
,,,,,,,,,,,,,,,,,
,,,,,,,,,,,,,,,,,
,,,,,,,,,,,,,,,,,
,,,,,,,,,,,,,,,,,
,,,,,,,,,,,,,,,,,
,,,,,,,,,,,,,,,,,
,,,,,,,,,,,,,,,,,
,,,,,,,,,,,,,,,,,
,,,,,,,,,,,,,,,,,
,,,,,,,,,,,,,,,,,
,,,,,,,,,,,,,,,,,
,,,,,,,,,,,,,,,,,
,,,,,,,,,,,,,,,,,
,,,,,,,,,,,,,,,,,
,,,,,,,,,,,,,,,,,
,,,,,,,,,,,,,,,,,
,,,,,,,,,,,,,,,,,
,,,,,,,,,,,,,,,,,
,,,,,,,,,,,,,,,,,
,,,,,,,,,,,,,,,,,
,,,,,,,,,,,,,,,,,
,,,,,,,,,,,,,,,,,
,,,,,,,,,,,,,,,,,
,,,,,,,,,,,,,,,,,
,,,,,,,,,,,,,,,,,
,,,,,,,,,,,,,,,,,
,,,,,,,,,,,,,,,,,
,,,,,,,,,,,,,,,,,
,,,,,,,,,,,,,,,,,
,,,,,,,,,,,,,,,,,
,,,,,,,,,,,,,,,,,
,,,,,,,,,,,,,,,,,
,,,,,,,,,,,,,,,,,
,,,,,,,,,,,,,,,,,
,,,,,,,,,,,,,,,,,
,,,,,,,,,,,,,,,,,
,,,,,,,,,,,,,,,,,
,,,,,,,,,,,,,,,,,
,,,,,,,,,,,,,,,,,
,,,,,,,,,,,,,,,,,
,,,,,,,,,,,,,,,,,
,,,,,,,,,,,,,,,,,
,,,,,,,,,,,,,,,,,
,,,,,,,,,,,,,,,,,
,,,,,,,,,,,,,,,,,
,,,,,,,,,,,,,,,,,
,,,,,,,,,,,,,,,,,
,,,,,,,,,,,,,,,,,
,,,,,,,,,,,,,,,,,
,,,,,,,,,,,,,,,,,
,,,,,,,,,,,,,,,,,
,,,,,,,,,,,,,,,,,
,,,,,,,,,,,,,,,,,
,,,,,,,,,,,,,,,,,
,,,,,,,,,,,,,,,,,
,,,,,,,,,,,,,,,,,
,,,,,,,,,,,,,,,,,
,,,,,,,,,,,,,,,,,
,,,,,,,,,,,,,,,,,
,,,,,,,,,,,,,,,,,
,,,,,,,,,,,,,,,,,
,,,,,,,,,,,,,,,,,
,,,,,,,,,,,,,,,,,
,,,,,,,,,,,,,,,,,
,,,,,,,,,,,,,,,,,
,,,,,,,,,,,,,,,,,
,,,,,,,,,,,,,,,,,
,,,,,,,,,,,,,,,,,
,,,,,,,,,,,,,,,,,
,,,,,,,,,,,,,,,,,
,,,,,,,,,,,,,,,,,
,,,,,,,,,,,,,,,,,
,,,,,,,,,,,,,,,,,
,,,,,,,,,,,,,,,,,
,,,,,,,,,,,,,,,,,
,,,,,,,,,,,,,,,,,
,,,,,,,,,,,,,,,,,
,,,,,,,,,,,,,,,,,
,,,,,,,,,,,,,,,,,
,,,,,,,,,,,,,,,,,
,,,,,,,,,,,,,,,,,
,,,,,,,,,,,,,,,,,
,,,,,,,,,,,,,,,,,
,,,,,,,,,,,,,,,,,
